Nama_Penginapan,Latitude,Longitude,Kategori
Segara anak,-8.8934568,116.2831456,hotel
Sekar Kuning,-8.8937006,116.2838644,hotel
Anda Bungalows,-8.8937642,116.2841112,hotel
Puri Rinjani,-8.8939232,116.2847013,hotel
Kuta bay homestay,-8.8915535,116.2769657,hostel
Hey hey homestay,-8.8921743,116.2776739,hostel
Surfers Beachfront,-8.8932634,116.2826869,hostel
Together homestay,-8.8901489,116.2798019,hostel
Gday inn,-8.8906793,116.2782958,hostel
Mandalika homestay,-8.8922061,116.2810428,hostel
Melon homestay,-8.8919852,116.2810584,hostel
Lamancha Homestay,-8.8908599,116.2812037,guest_house
Srikandi homestay,-8.8906479,116.2812252,hostel
Birru Inn,-8.8947818,116.2883276,guest_house
Kuta paradise,-8.8952643,116.2897786,hotel
Ketapang homestay,-8.8925876,116.2809998,hostel
Yuli's Homestay,-8.8874403,116.2744954,hostel
Kelapa cafe and homestay,-8.891373,116.2755683,hostel
family house and restaurant,-8.8909861,116.2764096,hotel
Heavenly Homestay,-8.887088,116.2750206,hotel
puri itoma,-8.8905249,116.2767373,hostel
Hotel SMK 1 Praya,-8.7162856,116.2885129,hotel
"Rumah Keluarga Bpk Sapi'i, S.Pd",-8.5781716,116.3454017,guest_house
G'day Inn Budget Room,-8.8912601,116.2767436,hotel
Grand Royal BIL Hotel,-8.7399941,116.246089,hotel
Indonesian Backpacker,-8.8893689,116.2759365,guest_house
Relaxing Homestay,-8.8887474,116.2857366,hostel
Banyu Urip Homestay,-8.8907994,116.2773034,guest_house
Same Same Bungalows,-8.8911119,116.2759053,hotel
Heavenly,-8.8874643,116.2747878,hotel
Kuta Lombok Homestay,-8.8926508,116.280455,guest_house
Mimpi Manis Homestay,-8.8754049,116.2772651,guest_house
Same Same - Bungalows,-8.8910328,116.2738436,guest_house
Z Max Hotel,-8.7615732,116.2588865,hotel
Villa Bau Nyale,-8.886525,116.2741917,hotel
Lara Homestay,-8.8895274,116.2780276,guest_house
Bombora Bungalows,-8.8909025,116.2814172,hotel
Roby,-8.8917395,116.2921407,guest_house
Join Homestay,-8.8877376,116.2840953,guest_house
Kuta Circle Homestay,-8.8875607,116.2834778,guest_house
Dream Cowork Hotel,-8.8918968,116.2811335,hotel
Roy Homestay,-8.8912977,116.2918913,guest_house
Pipes Hostel,-8.8779612,116.2760786,hostel
Palm Green,-8.8865798,116.2708439,guest_house
G'R Homestay,-8.8912196,116.2811488,guest_house
Casa Mango,-8.885371,116.2814545,guest_house
Qurnia Homestay,-8.8889814,116.287303,guest_house
Casa D'Rico,-8.8937574,116.2836627,guest_house
T&T Homestay,-8.891674,116.2898736,guest_house
Mimi Homestay,-8.8904044,116.2779409,hostel
Batu Bambu,-8.8703255,116.284458,guest_house
Drop In Surf Lodge & Cafe,-8.8997904,116.3101331,hotel
Mana yoga retreat,-8.8873681,116.2724094,guest_house
Botchan,-8.8833516,116.2735233,hostel
JM Hotel,-8.8896521,116.2795053,hotel
Dee Homestay,-8.8832751,116.2770316,guest_house
Zury Homestay,-8.8827977,116.2769169,guest_house
Cewin's Homestay,-8.8871493,116.2779629,guest_house
Drop In Surf Lodge,-8.8994053,116.3110164,guest_house
Kawi homestay,-8.7576354,116.2290265,guest_house
Ari anggara,-8.8108742,116.2896609,guest_house
Nunung,-8.6962384,116.2721349,guest_house
Syukron Habibi..,-8.7138278,116.2686789,guest_house
Sasak Lombok Bungalow,-8.8926901,116.2919824,guest_house
Dewi Guesthouse,-8.8913746,116.2764537,guest_house
Homestay Melsi,-8.8840744,116.2705925,hostel
Bukit Indah Boutique Accomodation,-8.873534,116.1701318,hotel
Zifa Kuta Lombok,-8.8896445,116.2772061,hotel
Sawe Homestay,-8.8851756,116.2774262,guest_house
Mar Bella,-8.8945606,116.2880801,hotel
Kuta Cabana Eco Lodge,-8.8926697,116.2962528,hotel
S Hotel,-8.8915446,116.2738771,hotel
Mawun Mud Village,-8.8929221,116.2174234,hotel
Blue Monkey Villa,-8.9032217,116.2386739,hotel
Boogie,-8.8849718,116.2760519,hostel
Ola Ola Lombok,-8.8718039,116.1680586,guest_house
Surf Camp Lombok,-8.9156141,116.3463542,guest_house
Anjani Stone Homestay,-8.8782279,116.2761946,guest_house
Jivana Resort,-8.8875024,116.2785704,hotel
Dome Village Lombok,-8.9134307,116.3415903,hotel
LMBK Surf House,-8.8899361,116.2758612,guest_house
Sima,-8.889621,116.2763994,hotel
Kuta Cove,-8.890511,116.2807311,guest_house
Bamba,-8.8898076,116.2769338,hostel
Surf Garden,-8.9154234,116.3470239,guest_house
Black Fin,-8.8826607,116.2691493,hotel
Mad Monkey,-8.8905875,116.2786322,hostel
Elisa Homestay,-8.8981944,116.2386068,guest_house
Majango,-8.8653095,116.280654,guest_house
Lombok Holiday Hotel,-8.8917853,116.2760194,hotel
Tui Homestay,-8.7577892,116.2288975,guest_house
Ariata Arya Hostel,-8.8734277,116.2752641,hostel
Tri Puti Homestay,-8.8875122,116.2834185,guest_house
Aloha Villas Lombok,-8.8859865,116.267327,guest_house
Rascals Kuta Lombok,-8.8867233,116.2779126,hotel
Mandalika Queen Hostel,-8.8911774,116.2734306,hostel
Owa lodge,-8.901704,116.241463,hotel
Amber Lombok Beach Resort,-8.8653411,116.1244816,hotel
Lombokhouse Mandalika,-8.8714081,116.2822321,guest_house
Sammy Homestay,-8.8890806,116.2723029,guest_house
Seven Havens Residence,-8.8698277,116.1682346,hotel
Nadil homestay,-8.8912586,116.2924246,guest_house
Sugar Reef,-8.8947617,116.2882456,guest_house
Sikara Lombok hotel,-8.8899462,116.2737274,hotel
Endless Summer Resort,-8.9040056,116.3865621,guest_house
Waru Homestay,-8.8925377,116.2927655,guest_house
Snuggy Hostel,-8.8885623,116.2853456,hostel
Santai Villa,-8.8858624,116.2772356,guest_house
Kies Villas,-8.8860199,116.2780165,guest_house
Sefirot Studios,-8.8851923,116.2781347,guest_house
Kuta Garden Homestay,-8.885147,116.2785838,guest_house
Tiga Spies Hostel,-8.889429,116.2737086,hostel
El Trópico,-8.8884001,116.275878,hotel
Jancoox Hostel,-8.8866542,116.2793979,hostel
Mengalung Bungalow,-8.8863902,116.2710288,guest_house
Ebucu,-8.8866428,116.2770159,guest_house
The White Bay,-8.8878442,116.2781692,guest_house
Sukha Homestay,-8.8868123,116.2752662,guest_house
Nune Homestay,-8.8860713,116.2749536,guest_house
xanadu,-8.8884532,116.2782141,guest_house
Jati,-8.8886469,116.2779502,guest_house
Spear Beach,-8.9093882,116.343582,guest_house
Surf Camp 79,-8.8785304,116.276544,hostel
Tide & Tribe Hostel,-8.891504,116.2900233,hostel
niwa,-8.8790581,116.27488,guest_house
Grand Kuta,-8.8794129,116.2739571,hotel
Rewa Homestay,-8.8900866,116.2779134,guest_house
Sayang Bungalows,-8.8882081,116.2779374,guest_house
The Spot,-8.8851645,116.2777098,guest_house
Tunak Resort,-8.9387942,116.3710111,hotel
Alfa Kuta,-8.8826752,116.2822495,hotel
Trytan Gerupuk Homestay,-8.9115475,116.343023,hotel
Porter Hotel,-8.8776666,116.2697506,hotel
Lobster Bay Lombok,-8.9024206,116.3867791,hotel
Nativo,-8.8900031,116.2800993,hotel
