DPP,IATA_Tujuan,Kota_Asal,Maskapai,Status
Danau Toba,DTB,Jakarta,Super Air Jet,Scheduled
Danau Toba,DTB,Jakarta,Citilink,Scheduled
Danau Toba,DTB,Batam,Super Air Jet,Scheduled
Danau Toba,DTB,Jakarta,Super Air Jet,Scheduled
Tanjung Kelayang,TJQ,Jakarta,Sriwijaya Air,Scheduled
Tanjung Kelayang,TJQ,Jakarta,Super Air Jet,Scheduled
Tanjung Kelayang,TJQ,Jakarta,Sriwijaya Air,Scheduled
Tanjung Kelayang,TJQ,Pangkal Pinang,Super Air Jet,Scheduled
Tanjung Kelayang,TJQ,Jakarta,Citilink,Scheduled
Tanjung Kelayang,TJQ,Jakarta,Sriwijaya Air,Scheduled
Tanjung Kelayang,TJQ,Jakarta,Super Air Jet,Scheduled
Tanjung Lesung & Kep. Seribu,CGK,Makassar,Garuda Indonesia (Livin' by Mandiri Livery),Landed 12:24
Tanjung Lesung & Kep. Seribu,CGK,Medan,Garuda Indonesia,Estimated 12:48
Tanjung Lesung & Kep. Seribu,CGK,Semarang,Batik Air,Landed 12:38
Tanjung Lesung & Kep. Seribu,CGK,Kupang,Super Air Jet,Scheduled
Tanjung Lesung & Kep. Seribu,CGK,Denpasar,AirAsia,Landed 12:29
Tanjung Lesung & Kep. Seribu,CGK,Denpasar,Garuda Indonesia,Estimated 12:45
Tanjung Lesung & Kep. Seribu,CGK,Yogyakarta,Batik Air,Estimated 12:53
Tanjung Lesung & Kep. Seribu,CGK,Balikpapan,Super Air Jet,Scheduled
Tanjung Lesung & Kep. Seribu,CGK,Surabaya,Citilink,Estimated 12:43
Tanjung Lesung & Kep. Seribu,CGK,Surakarta,Citilink,Estimated 12:48
Tanjung Lesung & Kep. Seribu,CGK,Muscat,Oman Air,Landed 12:25
Tanjung Lesung & Kep. Seribu,CGK,Denpasar,Lion Air,Estimated 12:56
Tanjung Lesung & Kep. Seribu,CGK,Kuala Lumpur,Batik Air,Scheduled
Tanjung Lesung & Kep. Seribu,CGK,Balikpapan,Citilink,Landed 12:40
Tanjung Lesung & Kep. Seribu,CGK,Ho Chi Minh City,Vietnam Airlines,Estimated 12:50
Tanjung Lesung & Kep. Seribu,CGK,Bandar Lampung,Lion Air,Scheduled
Tanjung Lesung & Kep. Seribu,CGK,Hong Kong,Cathay Pacific,Estimated 12:44
Tanjung Lesung & Kep. Seribu,CGK,Surabaya,Garuda Indonesia (Livin' by Mandiri Livery),Estimated 12:50
Tanjung Lesung & Kep. Seribu,CGK,Lombok,Citilink,Estimated 12:53
Tanjung Lesung & Kep. Seribu,CGK,Jambi,Sriwijaya Air,Scheduled
Tanjung Lesung & Kep. Seribu,CGK,Sorong,Batik Air,Estimated 12:55
Tanjung Lesung & Kep. Seribu,CGK,Pontianak,Lion Air,Scheduled
Tanjung Lesung & Kep. Seribu,CGK,Malang,Citilink,Estimated 13:17
Tanjung Lesung & Kep. Seribu,CGK,Taipei,EVA Air,Estimated 13:02
Tanjung Lesung & Kep. Seribu,CGK,Bengkulu,Super Air Jet,Estimated 13:00
Tanjung Lesung & Kep. Seribu,CGK,Banjarmasin,Citilink Garuda Indonesia,Scheduled
Tanjung Lesung & Kep. Seribu,CGK,Singapore,Garuda Indonesia (Retro 1960 Livery),Estimated 13:09
Tanjung Lesung & Kep. Seribu,CGK,Hong Kong,Garuda Indonesia,Estimated 13:13
Tanjung Lesung & Kep. Seribu,CGK,Bandar Lampung,Batik Air,Estimated 13:06
Tanjung Lesung & Kep. Seribu,CGK,Tanjung Pinang,Batik Air,Estimated 13:11
Tanjung Lesung & Kep. Seribu,CGK,Semarang,Batik Air,Estimated 13:13
Tanjung Lesung & Kep. Seribu,CGK,Balikpapan,Pelita Air,Estimated 13:08
Tanjung Lesung & Kep. Seribu,CGK,Jambi,Super Air Jet,Estimated 13:21
Tanjung Lesung & Kep. Seribu,CGK,Medan,Lion Air,Scheduled
Tanjung Lesung & Kep. Seribu,CGK,Pangkal Pinang,Citilink,Estimated 13:28
Tanjung Lesung & Kep. Seribu,CGK,Makassar,Sriwijaya Air,Scheduled
Tanjung Lesung & Kep. Seribu,CGK,Makassar,Sriwijaya Air,Scheduled
Tanjung Lesung & Kep. Seribu,CGK,Singapore,Singapore Airlines,Estimated 13:17
Tanjung Lesung & Kep. Seribu,CGK,Bandar Lampung,Batik Air,Scheduled
Tanjung Lesung & Kep. Seribu,CGK,Samarinda,Garuda Indonesia,Estimated 13:10
Tanjung Lesung & Kep. Seribu,CGK,Makassar,Batik Air,Estimated 13:28
Tanjung Lesung & Kep. Seribu,CGK,Sampit,Nam Air,Scheduled
Tanjung Lesung & Kep. Seribu,CGK,Singapore,Scoot,Estimated 13:09
Tanjung Lesung & Kep. Seribu,CGK,Makassar,Batik Air,Scheduled
Tanjung Lesung & Kep. Seribu,CGK,Taipei,China Airlines,Estimated 13:28
Tanjung Lesung & Kep. Seribu,CGK,Kupang,Garuda Indonesia,Estimated 13:13
Tanjung Lesung & Kep. Seribu,CGK,Singapore,Batik Air,Estimated 13:17
Tanjung Lesung & Kep. Seribu,CGK,Palembang,Garuda Indonesia,Scheduled
Tanjung Lesung & Kep. Seribu,CGK,Pangkal Pinang,Garuda Indonesia,Scheduled
Tanjung Lesung & Kep. Seribu,CGK,Ambon,Batik Air,Estimated 13:34
Tanjung Lesung & Kep. Seribu,CGK,Denpasar,Pelita Air,Estimated 13:24
Tanjung Lesung & Kep. Seribu,CGK,Palembang,Super Air Jet,Scheduled
Tanjung Lesung & Kep. Seribu,CGK,Bengkulu,Citilink,Estimated 13:38
Tanjung Lesung & Kep. Seribu,CGK,Medan,Citilink,Estimated 13:24
Tanjung Lesung & Kep. Seribu,CGK,Balikpapan,Garuda Indonesia,Estimated 13:38
Tanjung Lesung & Kep. Seribu,CGK,Denpasar,Garuda Indonesia (Ayo Pakai Masker Livery),Delayed 14:15
Tanjung Lesung & Kep. Seribu,CGK,Padang,Garuda Indonesia (From Nature to Future Livery),Estimated 13:51
Tanjung Lesung & Kep. Seribu,CGK,Batam,Garuda Indonesia,Estimated 13:30
Tanjung Lesung & Kep. Seribu,CGK,Denpasar,Batik Air,Estimated 13:56
Tanjung Lesung & Kep. Seribu,CGK,Balikpapan,Super Air Jet,Estimated 13:51
Tanjung Lesung & Kep. Seribu,CGK,Kuala Lumpur,Garuda Indonesia,Estimated 13:43
Tanjung Lesung & Kep. Seribu,CGK,Pontianak,Lion Air,Estimated 13:45
Tanjung Lesung & Kep. Seribu,CGK,Jeddah,Garuda Indonesia (Republic of Indonesia Livery),Delayed 14:42
Tanjung Lesung & Kep. Seribu,CGK,Banda Aceh,Garuda Indonesia,Canceled
Tanjung Lesung & Kep. Seribu,CGK,Kediri,Super Air Jet,Estimated 13:34
Tanjung Lesung & Kep. Seribu,CGK,Banjarmasin,Super Air Jet,Scheduled
Tanjung Lesung & Kep. Seribu,CGK,Semarang,Garuda Indonesia,Scheduled
Tanjung Lesung & Kep. Seribu,CGK,Samarinda,Batik Air,Estimated 13:56
Tanjung Lesung & Kep. Seribu,CGK,Lombok,Batik Air,Canceled
Tanjung Lesung & Kep. Seribu,CGK,Denpasar,Lion Air,Scheduled
Tanjung Lesung & Kep. Seribu,CGK,Tanjung Pandan,Citilink,Scheduled
Tanjung Lesung & Kep. Seribu,CGK,Kuala Lumpur,Batik Air,Estimated 13:51
Tanjung Lesung & Kep. Seribu,CGK,Surabaya,Citilink,Scheduled
Tanjung Lesung & Kep. Seribu,CGK,Batam,Batik Air,Scheduled
Tanjung Lesung & Kep. Seribu,CGK,Balikpapan,Citilink,Estimated 14:00
Tanjung Lesung & Kep. Seribu,CGK,Hong Kong,Cathay Cargo,Delayed 15:27
Tanjung Lesung & Kep. Seribu,CGK,Denpasar,Garuda Indonesia,Scheduled
Tanjung Lesung & Kep. Seribu,CGK,Medan,Lion Air,Scheduled
Tanjung Lesung & Kep. Seribu,CGK,Yogyakarta,TransNusa,Scheduled
Tanjung Lesung & Kep. Seribu,CGK,Kuala Lumpur,AirAsia,Estimated 14:15
Tanjung Lesung & Kep. Seribu,CGK,Bandar Lampung,Lion Air,Scheduled
Tanjung Lesung & Kep. Seribu,CGK,Denpasar,TransNusa,Scheduled
Tanjung Lesung & Kep. Seribu,CGK,Surakarta,Batik Air,Scheduled
Tanjung Lesung & Kep. Seribu,CGK,Padang,Super Air Jet,Scheduled
Tanjung Lesung & Kep. Seribu,CGK,Makassar,Lion Air,Scheduled
Tanjung Lesung & Kep. Seribu,CGK,Makassar,Lion Air,Scheduled
Tanjung Lesung & Kep. Seribu,CGK,Palembang,Batik Air,Scheduled
Tanjung Lesung & Kep. Seribu,CGK,Makassar,Lion Air,Scheduled
Tanjung Lesung & Kep. Seribu,CGK,Makassar,Lion Air,Scheduled
Tanjung Lesung & Kep. Seribu,CGK,Makassar,Lion Air,Scheduled
Tanjung Lesung & Kep. Seribu,CGK,Mumbai,IndiGo,Estimated 14:15
Tanjung Lesung & Kep. Seribu,CGK,Labuan Bajo,Citilink,Estimated 14:23
Tanjung Lesung & Kep. Seribu,CGK,Jayapura,Garuda Indonesia,Estimated 14:55
Tanjung Lesung & Kep. Seribu,CGK,Palangkaraya,Super Air Jet,Scheduled
Tanjung Lesung & Kep. Seribu,CGK,Denpasar,Citilink,Scheduled
Tanjung Lesung & Kep. Seribu,CGK,Yogyakarta,Garuda Indonesia,Scheduled
Tanjung Lesung & Kep. Seribu,CGK,Surabaya,Pelita Air,Scheduled
Tanjung Lesung & Kep. Seribu,CGK,Pekanbaru,Super Air Jet,Scheduled
Tanjung Lesung & Kep. Seribu,CGK,Banda Aceh,Pelita Air,Estimated 14:49
Tanjung Lesung & Kep. Seribu,CGK,Kuala Lumpur,Malaysia Airlines (Manchester United Livery),Scheduled
Borobudur,YIA,Jakarta,Garuda Indonesia,Landed 12:41
Borobudur,YIA,Denpasar,Garuda Indonesia,Estimated 12:46
Borobudur,YIA,Palangkaraya,Super Air Jet,Scheduled
Borobudur,YIA,Balikpapan,Lion Air,Scheduled
Borobudur,YIA,Jakarta,Batik Air,Scheduled
Borobudur,YIA,Makassar,Lion Air,Scheduled
Borobudur,YIA,Jakarta,Citilink,Scheduled
Borobudur,YIA,Denpasar,Super Air Jet,Scheduled
Borobudur,YIA,Palembang,Super Air Jet,Scheduled
Borobudur,YIA,Jakarta,Garuda Indonesia,Scheduled
Borobudur,YIA,Kuala Lumpur,AirAsia,Scheduled
Borobudur,YIA,Batam,Super Air Jet,Scheduled
Borobudur,YIA,Jakarta,TransNusa,Scheduled
Borobudur,YIA,Jakarta,Garuda Indonesia,Scheduled
Borobudur,YIA,Banjarmasin,Lion Air,Scheduled
Borobudur,YIA,Balikpapan,Super Air Jet,Scheduled
Borobudur,YIA,Jakarta,Sriwijaya Air,Scheduled
Borobudur,YIA,Makassar,Lion Air,Scheduled
Borobudur,YIA,Makassar,Lion Air,Scheduled
Borobudur,YIA,Jakarta,Batik Air,Scheduled
Borobudur,YIA,Jakarta,Batik Air,Scheduled
Borobudur,YIA,Jakarta,Citilink,Scheduled
Borobudur,YIA,Jakarta,Nam Air,Scheduled
Borobudur,YIA,Pontianak,Super Air Jet,Scheduled
Borobudur,YIA,Jakarta,Garuda Indonesia,Scheduled
Borobudur,YIA,Lombok,Super Air Jet,Scheduled
Borobudur,YIA,Jakarta,Batik Air,Scheduled
Borobudur,YIA,Banjarmasin,Super Air Jet,Scheduled
Borobudur,YIA,Balikpapan,Pelita Air,Scheduled
Borobudur,YIA,Balikpapan,Lion Air,Scheduled
Borobudur,YIA,Pekanbaru,Lion Air,Scheduled
Borobudur,YIA,Kuala Lumpur,Malaysia Airlines,Scheduled
Borobudur,YIA,Jakarta,Garuda Indonesia,Scheduled
Borobudur,YIA,Jakarta,Batik Air,Canceled
Borobudur,YIA,Singapore,Scoot,Scheduled
Borobudur,YIA,Makassar,Lion Air,Scheduled
Borobudur,YIA,Denpasar,Super Air Jet,Scheduled
Borobudur,YIA,Jakarta,Batik Air,Scheduled
Borobudur,YIA,Kuala Lumpur,AirAsia (100th Awesome Plane Livery),Scheduled
Borobudur,YIA,Jakarta,TransNusa,Scheduled
Borobudur,YIA,Jakarta,Garuda Indonesia,Scheduled
Borobudur,YIA,Denpasar,Garuda Indonesia,Scheduled
Borobudur,YIA,Balikpapan,Lion Air,Scheduled
Borobudur,YIA,Jakarta,Batik Air,Scheduled
Borobudur,YIA,Jakarta,Citilink,Scheduled
Borobudur,YIA,Denpasar,Super Air Jet,Scheduled
Borobudur,YIA,Palembang,Super Air Jet,Scheduled
Borobudur,YIA,Jakarta,Garuda Indonesia,Scheduled
Borobudur,YIA,Kuala Lumpur,AirAsia,Scheduled
Borobudur,YIA,Batam,Super Air Jet,Scheduled
Borobudur,YIA,Jakarta,TransNusa,Scheduled
Borobudur,YIA,Banjarmasin,Lion Air,Scheduled
Borobudur,YIA,Singapore,Scoot,Scheduled
Borobudur,YIA,Balikpapan,Super Air Jet,Scheduled
Borobudur,YIA,Makassar,Lion Air,Scheduled
Borobudur,YIA,Jakarta,Batik Air,Scheduled
Borobudur,YIA,Jakarta,Citilink,Scheduled
Borobudur,YIA,Jakarta,Nam Air,Scheduled
Borobudur,YIA,Medan,Lion Air,Scheduled
Borobudur,YIA,Pontianak,Super Air Jet,Scheduled
Borobudur,YIA,Jakarta,Garuda Indonesia,Scheduled
Bromo,MLG,Jakarta,Batik Air,Landed 12:36
Bromo,MLG,Jakarta,Batik Air,Scheduled
Bromo,MLG,Jakarta,Batik Air,Scheduled
Bromo,MLG,Jakarta,Batik Air,Canceled
Bromo,MLG,Jakarta,Citilink,Scheduled
Bromo,MLG,Jakarta,Batik Air,Canceled
Bromo,MLG,Jakarta,Batik Air,Scheduled
Mandalika,LOP,Jakarta,Garuda Indonesia,Estimated 14:01
Mandalika,LOP,Jakarta,Batik Air,Landed 13:42
Mandalika,LOP,Labuan Bajo,Wings Air,Estimated 13:47
Mandalika,LOP,Bima,Wings Air,Scheduled
Mandalika,LOP,Sumbawa Besar,Wings Air,Estimated 14:13
Mandalika,LOP,Blimbingsari,Wings Air,Scheduled
Mandalika,LOP,Makassar,Lion Air,Scheduled
Mandalika,LOP,Bima,Wings Air,Scheduled
Mandalika,LOP,Jakarta,Pelita Air,Scheduled
Mandalika,LOP,Surabaya,Super Air Jet,Scheduled
Mandalika,LOP,Jakarta,Super Air Jet,Scheduled
Mandalika,LOP,Denpasar,Wings Air,Scheduled
Mandalika,LOP,Denpasar,TransNusa,Scheduled
Mandalika,LOP,Jakarta,Citilink,Scheduled
Mandalika,LOP,Denpasar,Wings Air,Scheduled
Mandalika,LOP,Jakarta,TransNusa,Scheduled
Mandalika,LOP,Singapore,Scoot,Scheduled
Mandalika,LOP,Denpasar,TransNusa,Scheduled
Mandalika,LOP,Surabaya,Super Air Jet,Scheduled
Mandalika,LOP,Jakarta,Super Air Jet,Scheduled
Mandalika,LOP,Yogyakarta,Super Air Jet,Scheduled
Mandalika,LOP,Denpasar,TransNusa,Scheduled
Mandalika,LOP,Jakarta,TransNusa,Scheduled
Mandalika,LOP,Bima,Wings Air,Scheduled
Mandalika,LOP,Surabaya,Super Air Jet,Scheduled
Mandalika,LOP,Surabaya,Citilink,Canceled
Mandalika,LOP,Jakarta,Lion Air,Scheduled
Mandalika,LOP,Denpasar,Wings Air,Scheduled
Mandalika,LOP,Singapore,Scoot,Scheduled
Mandalika,LOP,Surabaya,Super Air Jet,Scheduled
Mandalika,LOP,Waingapu,Wings Air,Scheduled
Mandalika,LOP,Denpasar,Wings Air,Scheduled
Mandalika,LOP,Jakarta,Super Air Jet,Scheduled
Mandalika,LOP,Denpasar,Wings Air,Scheduled
Mandalika,LOP,Jakarta,Garuda Indonesia,Scheduled
Mandalika,LOP,Labuan Bajo,Wings Air,Scheduled
Mandalika,LOP,Surabaya,Lion Air,Scheduled
Mandalika,LOP,Sumbawa Besar,Wings Air,Scheduled
Mandalika,LOP,Surabaya,Citilink,Scheduled
Mandalika,LOP,Kuala Lumpur,Batik Air Malaysia,Scheduled
Mandalika,LOP,Jakarta,Citilink,Scheduled
Mandalika,LOP,Denpasar,Wings Air,Scheduled
Mandalika,LOP,Kuala Lumpur,AirAsia,Scheduled
Mandalika,LOP,Jakarta,Batik Air,Scheduled
Mandalika,LOP,Denpasar,Wings Air,Scheduled
Mandalika,LOP,Denpasar,Wings Air,Scheduled
Mandalika,LOP,Denpasar,TransNusa,Scheduled
Mandalika,LOP,Waingapu,Wings Air,Scheduled
Mandalika,LOP,Jakarta,Garuda Indonesia,Scheduled
Mandalika,LOP,Jakarta,Batik Air,Scheduled
Mandalika,LOP,Labuan Bajo,Wings Air,Scheduled
Mandalika,LOP,Bima,Wings Air,Scheduled
Mandalika,LOP,Sumbawa Besar,Wings Air,Scheduled
Mandalika,LOP,Bima,Wings Air,Scheduled
Mandalika,LOP,Balikpapan,Super Air Jet,Scheduled
Mandalika,LOP,Jakarta,Super Air Jet,Scheduled
Mandalika,LOP,Denpasar,TransNusa,Scheduled
Mandalika,LOP,Jakarta,Citilink,Scheduled
Mandalika,LOP,Denpasar,Wings Air,Scheduled
Mandalika,LOP,Jakarta,TransNusa,Scheduled
Mandalika,LOP,Denpasar,TransNusa,Scheduled
Mandalika,LOP,Surabaya,Super Air Jet,Scheduled
Mandalika,LOP,Jakarta,Super Air Jet,Scheduled
Mandalika,LOP,Yogyakarta,Super Air Jet,Scheduled
Labuan Bajo,LBJ,Bajawa,Wings Air,Scheduled
Labuan Bajo,LBJ,Denpasar,AirAsia,Scheduled
Labuan Bajo,LBJ,Jakarta,AirAsia,Estimated 15:21
Labuan Bajo,LBJ,Lombok,Wings Air,Scheduled
Labuan Bajo,LBJ,Surabaya,Super Air Jet,Scheduled
Labuan Bajo,LBJ,Denpasar,Batik Air,Scheduled
Labuan Bajo,LBJ,Denpasar,AirAsia (Sustainable ASEAN Tourism Livery),Scheduled
Labuan Bajo,LBJ,Kupang,Wings Air,Scheduled
Labuan Bajo,LBJ,Denpasar,Batik Air,Scheduled
Labuan Bajo,LBJ,Ende,Wings Air,Scheduled
Labuan Bajo,LBJ,Denpasar,Batik Air,Scheduled
Labuan Bajo,LBJ,Lombok,Wings Air,Scheduled
Labuan Bajo,LBJ,Ende,Wings Air,Scheduled
Labuan Bajo,LBJ,Denpasar,AirAsia (Colours of Indonesia Livery),Scheduled
Labuan Bajo,LBJ,Jakarta,Citilink,Scheduled
Labuan Bajo,LBJ,Denpasar,Batik Air,Scheduled
Labuan Bajo,LBJ,Jakarta,Batik Air,Scheduled
Labuan Bajo,LBJ,Bajawa,Wings Air,Scheduled
Labuan Bajo,LBJ,Kuala Lumpur,AirAsia,Scheduled
Labuan Bajo,LBJ,Denpasar,Batik Air,Scheduled
Labuan Bajo,LBJ,Jakarta,AirAsia,Scheduled
Labuan Bajo,LBJ,Lombok,Wings Air,Scheduled
Labuan Bajo,LBJ,Jakarta,Garuda Indonesia,Scheduled
Labuan Bajo,LBJ,Surabaya,Super Air Jet,Scheduled
Labuan Bajo,LBJ,Denpasar,Indonesia AirAsia,Scheduled
Labuan Bajo,LBJ,Singapore,Scoot,Scheduled
Labuan Bajo,LBJ,Denpasar,Batik Air,Scheduled
