destination,restaurant_name,rating,review_count,price_level,category,restaurant_url,latitude,longitude
mandalika,Oceanside Restaurant Mandalika,,,,,https://www.google.com/maps/place/Oceanside+Restaurant+Mandalika/data=!4m7!3m6!1s0x2dcda95acf71e94b:0xa746b00e05b7b1b2!8m2!3d-8.8914146!4d116.2815754!16s%2Fg%2F11w4fvtngq!19sChIJS-lxz1qpzS0RsrG3BQ6wRqc?authuser=0&hl=id&rclk=1,-8.5991485,116.1514574
mandalika,Restoran Aer,,,,,https://www.google.com/maps/place/Restoran+Aer/data=!4m7!3m6!1s0x2dcd070a19b14c57:0x2b4ec79576edf5d8!8m2!3d-8.901154!4d116.2956587!16s%2Fg%2F11t3gnbc_6!19sChIJV0yxGQoHzS0R2PXtdpXHTis?authuser=0&hl=id&rclk=1,-8.5991485,116.1514574
mandalika,Pasta Pojok Mandalika,,,,,https://www.google.com/maps/place/Pasta+Pojok+Mandalika/data=!4m7!3m6!1s0x2dcda901038dd33f:0x7dd7e8206062272d!8m2!3d-8.891577!4d116.2811115!16s%2Fg%2F11yd1hqy67!19sChIJP9ONAwGpzS0RLSdiYCDo130?authuser=0&hl=id&rclk=1,-8.8916231,116.2811071
mandalika,Recharge Mandalika Resto & Bar,,,,,https://www.google.com/maps/place/Recharge+Mandalika+Resto+%26+Bar/data=!4m7!3m6!1s0x2dcda9f2089245e9:0xf57f6c1efc1fa8da!8m2!3d-8.8938863!4d116.2842061!16s%2Fg%2F11vc2_2kz5!19sChIJ6UWSCPKpzS0R2qgf_B5sf_U?authuser=0&hl=id&rclk=1,-8.5991485,116.1514574
mandalika,Cheap Zone warung seafood & cocktails.,,,,,https://www.google.com/maps/place/Cheap+Zone+warung+seafood+%26+cocktails./data=!4m7!3m6!1s0x2dcda9d3c30e5f0d:0x135d97451f7682d9!8m2!3d-8.8889996!4d116.2824971!16s%2Fg%2F11f03wgvpg!19sChIJDV8Ow9OpzS0R2YJ2H0WXXRM?authuser=0&hl=id&rclk=1,-8.5991485,116.1514574
mandalika,El Bazar Cafe & Restaurant,,,,,https://www.google.com/maps/place/El+Bazar+Cafe+%26+Restaurant/data=!4m7!3m6!1s0x2dcda82ca64e2a6d:0x2f578734cbf46f98!8m2!3d-8.8907153!4d116.2768532!16s%2Fg%2F11b6sy68c1!19sChIJbSpOpiyozS0RmG_0yzSHVy8?authuser=0&hl=id&rclk=1,-8.5991485,116.1514574
mandalika,Kenza Cafe Lombok,,,,,https://www.google.com/maps/place/Kenza+Cafe+Lombok/data=!4m7!3m6!1s0x2dcda82b5830428d:0x3876001b9d39c460!8m2!3d-8.8912168!4d116.2768818!16s%2Fg%2F11f03kkfgy!19sChIJjUIwWCuozS0RYMQ5nRsAdjg?authuser=0&hl=id&rclk=1,-8.5991485,116.1514574
mandalika,La Cabaña Lombok,,,,,https://www.google.com/maps/place/La+Caba%C3%B1a+Lombok/data=!4m7!3m6!1s0x2dcda9b800382cb7:0x9560564079f68ba6!8m2!3d-8.8899218!4d116.27368!16s%2Fg%2F11h6lq7spb!19sChIJtyw4ALipzS0Rpov2eUBWYJU?authuser=0&hl=id&rclk=1,-8.5991485,116.1514574
labuan bajo,Taman Laut Handayani Seafood Restaurant Labuan Bajo,,,,,https://www.google.com/maps/place/Taman+Laut+Handayani+Seafood+Restaurant+Labuan+Bajo/data=!4m7!3m6!1s0x2db467ad8b44537f:0x3ab46d6120ae37b6!8m2!3d-8.4919536!4d119.8784425!16s%2Fg%2F11fs7v3z16!19sChIJf1NEi61ntC0RtjeuIGFttDo?authuser=0&hl=id&rclk=1,-8.4944201,119.8855688
labuan bajo,MIMAMORI CAFE LABUAN BAJO,,,,,https://www.google.com/maps/place/MIMAMORI+CAFE+LABUAN+BAJO/data=!4m7!3m6!1s0x2db467179786b66f:0x13c4c006d3436d8!8m2!3d-8.4931356!4d119.8776747!16s%2Fg%2F11kj956485!19sChIJb7aGlxdntC0R2DY0bQBMPAE?authuser=0&hl=id&rclk=1,-8.4930898,119.8776801
labuan bajo,Le Bajo Flores,,,,,https://www.google.com/maps/place/Le+Bajo+Flores/data=!4m7!3m6!1s0x2db467381ddb44a3:0xe56038828cc8d279!8m2!3d-8.4837958!4d119.8786026!16s%2Fg%2F11v709_30x!19sChIJo0TbHThntC0RedLIjII4YOU?authuser=0&hl=id&rclk=1,-8.4944201,119.8855688
labuan bajo,La Moringa Labuan Bajo,,,,,https://www.google.com/maps/place/La+Moringa+Labuan+Bajo/data=!4m7!3m6!1s0x2db4658231dc9457:0x9d2e0f6dbc489bfe!8m2!3d-8.508143!4d119.8864185!16s%2Fg%2F11s61z2nd9!19sChIJV5TcMYJltC0R_ptIvG0PLp0?authuser=0&hl=id&rclk=1,-8.5081052,119.8864426
labuan bajo,Baccalá,,,,,https://www.google.com/maps/place/Baccal%C3%A1/data=!4m7!3m6!1s0x2db467969277f39d:0x7551618d860e3efc!8m2!3d-8.4917697!4d119.8780264!16s%2Fg%2F11h6v8k8_l!19sChIJnfN3kpZntC0R_D4Oho1hUXU?authuser=0&hl=id&rclk=1,-8.4944201,119.8855688
labuan bajo,Pondok Mai Ceng'go Labuan Bajo,,,,,https://www.google.com/maps/place/Pondok+Mai+Ceng%27go+Labuan+Bajo/data=!4m7!3m6!1s0x2db46555bdbd7ab3:0xb10f1b15be10e3be!8m2!3d-8.4899811!4d119.8840961!16s%2Fg%2F11h92xd6sw!19sChIJs3q9vVVltC0RvuMQvhUbD7E?authuser=0&hl=id&rclk=1,-8.4944201,119.8855688
labuan bajo,Artomoro Restaurant and Grill,,,,,https://www.google.com/maps/place/Artomoro+Restaurant+and+Grill/data=!4m7!3m6!1s0x2db46681100ecc2b:0x966fa90fdf415b15!8m2!3d-8.4931131!4d119.8778445!16s%2Fg%2F11c5xmkvsj!19sChIJK8wOEIFmtC0RFVtB3w-pb5Y?authuser=0&hl=id&rclk=1,-8.4944201,119.8855688
labuan bajo,De Waroeng Labuan Bajo,,,,,https://www.google.com/maps/place/De+Waroeng+Labuan+Bajo/data=!4m7!3m6!1s0x2db467321991d63b:0xfa2b03bb32d90166!8m2!3d-8.4954588!4d119.8787128!16s%2Fg%2F11l5h4c___!19sChIJO9aRGTJntC0RZgHZMrsDK_o?authuser=0&hl=id&rclk=1,-8.4944201,119.8855688
likupang,KADOMEYAN JO (Family Restaurant),,,,,https://www.google.com/maps/place/KADOMEYAN+JO+%28Family+Restaurant%29/data=!4m7!3m6!1s0x3287098e5791119d:0xf24dda8a673e79d5!8m2!3d1.4993588!4d124.9788458!16s%2Fg%2F11qgb8k5tb!19sChIJnRGRV44JhzIR1Xk-Z4raTfI?authuser=0&hl=id&rclk=1,1.6944075,125.0137608
likupang,E'k Cafe n Resto,,,,,https://www.google.com/maps/place/E%27k+Cafe+n+Resto/data=!4m7!3m6!1s0x3287b1554cec56b7:0x516a925ba938b0d4!8m2!3d1.6569708!4d125.0698751!16s%2Fg%2F11ywzqs1sl!19sChIJt1bsTFWxhzIR1LA4qVuSalE?authuser=0&hl=id&rclk=1,1.6944075,125.0137608
likupang,Casa Benedetta,,,,,https://www.google.com/maps/place/Casa+Benedetta/data=!4m7!3m6!1s0x3287a772aa1194e5:0xbf3c7a7692494196!8m2!3d1.5145453!4d124.9877584!16s%2Fg%2F11k7ljmk9z!19sChIJ5ZQRqnKnhzIRlkFJknZ6PL8?authuser=0&hl=id&rclk=1,1.6944075,125.0137608
likupang,WARUNG MAKAN GALILEA,,,,,https://www.google.com/maps/place/WARUNG+MAKAN+GALILEA/data=!4m7!3m6!1s0x3287b1a3899d7633:0x722864ab0c554b10!8m2!3d1.6565764!4d125.0666713!16s%2Fg%2F11rtrlf6ff!19sChIJM3adiaOxhzIREEtVDKtkKHI?authuser=0&hl=id&rclk=1,1.6944075,125.0137608
likupang,마나도 파라다이스 골프 & 리조트 | Paradise Hotel Golf & Resort,,,,,https://www.google.com/maps/place/%EB%A7%88%EB%82%98%EB%8F%84+%ED%8C%8C%EB%9D%BC%EB%8B%A4%EC%9D%B4%EC%8A%A4+%EA%B3%A8%ED%94%84+%26+%EB%A6%AC%EC%A1%B0%ED%8A%B8+%7C+Paradise+Hotel+Golf+%26+Resort/data=!4m10!3m9!1s0x3287b195e063a30d:0x67bc4f517720c53c!5m2!4m1!1i2!8m2!3d1.6734722!4d125.1208567!16s%2Fg%2F11h_4ntj1g!19sChIJDaNj4JWxhzIRPMUgd1FPvGc?authuser=0&hl=id&rclk=1,1.6944075,125.0137608
likupang,RM. JAVA,,,,,https://www.google.com/maps/place/RM.+JAVA/data=!4m7!3m6!1s0x3287b1ec4f3fb697:0x63af6062cca123f9!8m2!3d1.6560003!4d125.1099807!16s%2Fg%2F11rfqh0r6v!19sChIJl7Y_T-yxhzIR-SOhzGJgr2M?authuser=0&hl=id&rclk=1,1.6944075,125.0137608
likupang,SunMoon Private Resort & Villas,,,,,https://www.google.com/maps/place/SunMoon+Private+Resort+%26+Villas/data=!4m10!3m9!1s0x3287b3b5eddf8add:0x982872ddba59e3b0!5m2!4m1!1i2!8m2!3d1.6330342!4d125.1502046!16s%2Fg%2F11hz0vfpk2!19sChIJ3Yrf7bWzhzIRsONZut1yKJg?authuser=0&hl=id&rclk=1,1.6944075,125.0137608
likupang,RM. Damai,,,,,https://www.google.com/maps/place/RM.+Damai/data=!4m7!3m6!1s0x3287b100366511a7:0x356c6ea763316343!8m2!3d1.6505343!4d125.0578722!16s%2Fg%2F11y5fsmlyz!19sChIJpxFlNgCxhzIRQ2MxY6dubDU?authuser=0&hl=id&rclk=1,1.6944075,125.0137608
danau toba,Tepi Danau Bistro,,,,,https://www.google.com/maps/place/Tepi+Danau+Bistro/data=!4m7!3m6!1s0x302e051111b888f7:0x7b92db9623ce4f01!8m2!3d2.3343426!4d99.0561066!16s%2Fg%2F11qq061hqg!19sChIJ94i4EREFLjARAU_OI5bbkns?authuser=0&hl=id&rclk=1,2.6108377,98.9023081
danau toba,Damar Toba ~ Lakeside Eatery & Stay,,,,,https://www.google.com/maps/place/Damar+Toba+~+Lakeside+Eatery+%26+Stay/data=!4m10!3m9!1s0x302e059cbc693a77:0x58c5d9d42c4dcdbd!5m2!4m1!1i2!8m2!3d2.3404454!4d99.0505864!16s%2Fg%2F11sg7xf7p8!19sChIJdzppvJwFLjARvc1NLNTZxVg?authuser=0&hl=id&rclk=1,2.6108377,98.9023081
danau toba,Biwa Cafe & Resto,,,,,https://www.google.com/maps/place/Biwa+Cafe+%26+Resto/data=!4m7!3m6!1s0x3031eb4e62d2396d:0x20f325063084a697!8m2!3d2.6954487!4d98.922933!16s%2Fg%2F11h53pd07y!19sChIJbTnSYk7rMTARl6aEMAYl8yA?authuser=0&hl=id&rclk=1,2.6108377,98.9023081
danau toba,LEO'S Restaurant,,,,,https://www.google.com/maps/place/LEO%27S+Restaurant/data=!4m7!3m6!1s0x3031ea174d1822f1:0x7102dea2d7f8556!8m2!3d2.6766427!4d98.8531013!16s%2Fg%2F11c6168kh0!19sChIJ8SIYTRfqMTARVoV_LeotEAc?authuser=0&hl=id&rclk=1,2.6108377,98.9023081
danau toba,Damasus Nataboan Resto,,,,,https://www.google.com/maps/place/Damasus+Nataboan+Resto/data=!4m7!3m6!1s0x3031ebf58620c2d7:0xc7cb15ac79f73dcf!8m2!3d2.6919499!4d98.9198514!16s%2Fg%2F11c5h45lpx!19sChIJ18IghvXrMTARzz33eawVy8c?authuser=0&hl=id&rclk=1,2.6108377,98.9023081
danau toba,Maruba Restaurant,,,,,https://www.google.com/maps/place/Maruba+Restaurant/data=!4m7!3m6!1s0x3031ea180cf5d023:0x6ce91362f8d09389!8m2!3d2.6749925!4d98.857881!16s%2Fg%2F11bzrpb87z!19sChIJI9D1DBjqMTARiZPQ-GIT6Ww?authuser=0&hl=id&rclk=1,2.6108377,98.9023081
danau toba,Willem's Resto Cafe & Bar,,,,,https://www.google.com/maps/place/Willem%27s+Resto+Cafe+%26+Bar/data=!4m7!3m6!1s0x3031eb9211349d91:0x99b92f3bc3662a1b!8m2!3d2.6739055!4d98.8375076!16s%2Fg%2F11j_0t8lvf!19sChIJkZ00EZLrMTARGypmwzsvuZk?authuser=0&hl=id&rclk=1,2.6108377,98.9023081
danau toba,Today's Cafe,,,,,https://www.google.com/maps/place/Today%27s+Cafe/data=!4m7!3m6!1s0x3031ea20ef14ba5b:0x6c583bbe4d745e1!8m2!3d2.6689235!4d98.8600892!16s%2Fg%2F1tfh6zbg!19sChIJW7oU7yDqMTAR4UXX5LuDxQY?authuser=0&hl=id&rclk=1,2.6108377,98.9023081
borobudur,Caping Resto Borobudur,,,,,https://www.google.com/maps/place/Caping+Resto+Borobudur/data=!4m7!3m6!1s0x2e7a8db00372f811:0x80bf4f362a85f48f!8m2!3d-7.6147887!4d110.1915923!16s%2Fg%2F11lclz6f3k!19sChIJEfhyA7CNei4Rj_SFKjZPv4A?authuser=0&hl=id&rclk=1,-7.6147939,110.1914056
borobudur,Kedai Bukit Rhema,,,,,https://www.google.com/maps/place/Kedai+Bukit+Rhema/data=!4m7!3m6!1s0x2e7a8d043ee88385:0xca01a8a7bc84d8f!8m2!3d-7.6056792!4d110.1803617!16s%2Fg%2F11gf96yb0f!19sChIJhYPoPgSNei4Rj03Ie4oaoAw?authuser=0&hl=id&rclk=1,-7.6079583,110.2038245
borobudur,DWANU Resto Borobudur | DWANU eatery & artisan steak,,,,,https://www.google.com/maps/place/DWANU+Resto+Borobudur+%7C+DWANU+eatery+%26+artisan+steak/data=!4m7!3m6!1s0x2e7a8dd45dc4c2eb:0xb87a7053a1d60001!8m2!3d-7.6161838!4d110.2184006!16s%2Fg%2F11ss53pw8q!19sChIJ68LEXdSNei4RAQDWoVNwerg?authuser=0&hl=id&rclk=1,-7.6079583,110.2038245
borobudur,Enam Langit by Plataran,,,,,https://www.google.com/maps/place/Enam+Langit+by+Plataran/data=!4m7!3m6!1s0x2e7a8d5cd7c9f0a9:0xffa1500cf1249ad0!8m2!3d-7.6350116!4d110.2187796!16s%2Fg%2F11fm_m1_2s!19sChIJqfDJ11yNei4R0Jok8QxQof8?authuser=0&hl=id&rclk=1,-7.6079583,110.2038245
borobudur,Nalendro Cafe Borobudur,,,,,https://www.google.com/maps/place/Nalendro+Cafe+Borobudur/data=!4m10!3m9!1s0x2e7a8dec83def7cd:0xc7c9dba6d1c9f0b6!5m2!4m1!1i2!8m2!3d-7.6115331!4d110.1950012!16s%2Fg%2F11lk0gjbs9!19sChIJzffeg-yNei4RtvDJ0abbycc?authuser=0&hl=id&rclk=1,-7.6079583,110.2038245
borobudur,Stupa Restaurant,,,,,https://www.google.com/maps/place/Stupa+Restaurant/data=!4m7!3m6!1s0x2e7a8cfd03617c35:0x6390fb4b5e55a55b!8m2!3d-7.6070575!4d110.1904022!16s%2Fg%2F11bwh4mkr6!19sChIJNXxhA_2Mei4RW6VVXkv7kGM?authuser=0&hl=id&rclk=1,-7.6079583,110.2038245
borobudur,Restaurant La Table by Le Temple Borobudur,,,,,https://www.google.com/maps/place/Restaurant+La+Table+by+Le+Temple+Borobudur/data=!4m7!3m6!1s0x2e7a8d3d5f4c739b:0xb912843c74544100!8m2!3d-7.6088075!4d110.1965658!16s%2Fg%2F11jrw__q_h!19sChIJm3NMXz2Nei4RAEFUdDyEErk?authuser=0&hl=id&rclk=1,-7.6079583,110.2038245
borobudur,Menoreh Restaurant,,,,,https://www.google.com/maps/place/Menoreh+Restaurant/data=!4m7!3m6!1s0x2e7a8cfd0ec52753:0x3f1fd0eb56d99b9d!8m2!3d-7.6070946!4d110.1899722!16s%2Fg%2F11df0ghwy2!19sChIJUyfFDv2Mei4RnZvZVuvQHz8?authuser=0&hl=id&rclk=1,-7.6079583,110.2038245
bangka belitung,"ESENBI Cafe & Resto Pangkalpinang, Bangka",,,,,"https://www.google.com/maps/place/ESENBI+Cafe+%26+Resto+Pangkalpinang,+Bangka/data=!4m7!3m6!1s0x2e22b9af7425874d:0x4db9a9f1ac589a92!8m2!3d-2.1664611!4d106.1641552!16s%2Fg%2F11tmkc7d7w!19sChIJTYcldK-5Ii4RkppYrPGpuU0?authuser=0&hl=id&rclk=1",-2.7052886,106.3585607
bangka belitung,The Well Restaurant & Cafe Tanjung Pandan Belitung,,,,,https://www.google.com/maps/place/The+Well+Restaurant+%26+Cafe+Tanjung+Pandan+Belitung/data=!4m7!3m6!1s0x2e171518565d925d:0x90119f3cd908098b!8m2!3d-2.7076904!4d107.6248498!16s%2Fg%2F11px4xr690!19sChIJXZJdVhgVFy4RiwkI2TyfEZA?authuser=0&hl=id&rclk=1,-2.7052886,106.3585607
bangka belitung,Mie Koba Iskandar,,,,,https://www.google.com/maps/place/Mie+Koba+Iskandar/data=!4m7!3m6!1s0x2e22c0d887943fed:0x9c8db30c6349dabb!8m2!3d-2.124337!4d106.111697!16s%2Fg%2F11b764pwwg!19sChIJ7T-Uh9jAIi4Ru9pJYwyzjZw?authuser=0&hl=id&rclk=1,-2.7052886,106.3585607
bangka belitung,Restaurant Seafood Mr. Adox,,,,,https://www.google.com/maps/place/Restaurant+Seafood+Mr.+Adox/data=!4m7!3m6!1s0x2e22c74d93b7b305:0x93b242ad018db5a8!8m2!3d-2.1392896!4d106.1453094!16s%2Fg%2F11bzpnfgnb!19sChIJBbO3k03HIi4RqLWNAa1CspM?authuser=0&hl=id&rclk=1,-2.1393104,106.1452918
bangka belitung,Anggrek Cafe & Resto,,,,,https://www.google.com/maps/place/Anggrek+Cafe+%26+Resto/data=!4m7!3m6!1s0x2e22c7f4a5652125:0xc5c5be38e066026f!8m2!3d-2.1532664!4d106.1286272!16s%2Fg%2F11t531ng93!19sChIJJSFlpfTHIi4RbwJm4Di-xcU?authuser=0&hl=id&rclk=1,-2.7052886,106.3585607
bangka belitung,Restoran Dynasty,,,,,https://www.google.com/maps/place/Restoran+Dynasty/data=!4m7!3m6!1s0x2e17179b9ee31851:0x202d865bc8b07b13!8m2!3d-2.732581!4d107.6408699!16s%2Fg%2F11nnf4jj9r!19sChIJURjjnpsXFy4RE3uwyFuGLSA?authuser=0&hl=id&rclk=1,-2.7052886,106.3585607
bangka belitung,Dapoer Belitong,,,,,https://www.google.com/maps/place/Dapoer+Belitong/data=!4m7!3m6!1s0x2e171669ad684271:0xa3bb66a634452443!8m2!3d-2.7588778!4d107.746877!16s%2Fg%2F11bxgm516n!19sChIJcUJorWkWFy4RQyRFNKZmu6M?authuser=0&hl=id&rclk=1,-2.7052886,106.3585607
bangka belitung,Pandan House Restaurant,,,,,https://www.google.com/maps/place/Pandan+House+Restaurant/data=!4m7!3m6!1s0x2e173e01eb87033b:0x4b4d5c2ae692612d!8m2!3d-2.720007!4d107.6711514!16s%2Fg%2F11c0vxvls_!19sChIJOwOH6wE-Fy4RLWGS5ipcTUs?authuser=0&hl=id&rclk=1,-2.719885,107.671026
wakatobi,Nua Indah Coffee and Resto,,,,,https://www.google.com/maps/place/Nua+Indah+Coffee+and+Resto/data=!4m7!3m6!1s0x2da135694185f1f5:0x8bfb38493a4bfdc8!8m2!3d-5.2821048!4d123.5238133!16s%2Fg%2F11t7f6tkzs!19sChIJ9fGFQWk1oS0RyP1LOkk4-4s?authuser=0&hl=id&rclk=1,-5.3156704,123.5850437
wakatobi,Rendezvous coffee wakatobi,,,,,https://www.google.com/maps/place/Rendezvous+coffee+wakatobi/data=!4m7!3m6!1s0x2da1336fa2ab9da3:0xeb84875bfb5acf24!8m2!3d-5.3199338!4d123.5311372!16s%2Fg%2F11t4dx_dqw!19sChIJo52rom8zoS0RJM9a-1uHhOs?authuser=0&hl=id&rclk=1,-5.3156704,123.5850437
wakatobi,Dapoer Maritim Cafe & Resto,,,,,https://www.google.com/maps/place/Dapoer+Maritim+Cafe+%26+Resto/data=!4m7!3m6!1s0x2da1339171597a89:0xd8facac4af36c4ce!8m2!3d-5.324142!4d123.5342733!16s%2Fg%2F11vl4ks3mq!19sChIJiXpZcZEzoS0RzsQ2r8TK-tg?authuser=0&hl=id&rclk=1,-5.3156704,123.5850437
wakatobi,Wasabinua Hotel & Dive Resort,,,,,https://www.google.com/maps/place/Wasabinua+Hotel+%26+Dive+Resort/data=!4m10!3m9!1s0x2da136ae2af0bd2d:0xd2e98108ec835682!5m2!4m1!1i2!8m2!3d-5.2818363!4d123.5244352!16s%2Fg%2F11cmdf0h6m!19sChIJLb3wKq42oS0RglaD7AiB6dI?authuser=0&hl=id&rclk=1,-5.3156704,123.5850437
wakatobi,Warung Makan D'Bantea,,,,,https://www.google.com/maps/place/Warung+Makan+D%27Bantea/data=!4m7!3m6!1s0x2da1335b4d5e6cbf:0xeff866a038bc5f20!8m2!3d-5.3349534!4d123.5391265!16s%2Fg%2F11f32dwfwm!19sChIJv2xeTVszoS0RIF-8OKBm-O8?authuser=0&hl=id&rclk=1,-5.3156704,123.5850437
wakatobi,RM REZA PASEBA,,,,,https://www.google.com/maps/place/RM+REZA+PASEBA/data=!4m7!3m6!1s0x2da6d9592ec005d5:0x61923df97b01c2d0!8m2!3d-5.4986353!4d123.7536673!16s%2Fg%2F11rp053fbn!19sChIJ1QXALlnZpi0R0MIBe_k9kmE?authuser=0&hl=id&rclk=1,-5.3156704,123.5850437
wakatobi,RM. LALESA KALEDUPA,,,,,https://www.google.com/maps/place/RM.+LALESA+KALEDUPA/data=!4m7!3m6!1s0x2da6d91e936448c1:0x7b29047aba06d304!8m2!3d-5.4962416!4d123.7544183!16s%2Fg%2F11vkttfz80!19sChIJwUhkkx7Zpi0RBNMGunoEKXs?authuser=0&hl=id&rclk=1,-5.3156704,123.5850437
wakatobi,Warung Makan Mas Dhika Onemay,,,,,https://www.google.com/maps/place/Warung+Makan+Mas+Dhika+Onemay/data=!4m7!3m6!1s0x2da71b61d53300db:0x4aeeae1814459e18!8m2!3d-5.7200258!4d123.9042178!16s%2Fg%2F11h0ynfl4b!19sChIJ2wAz1WEbpy0RGJ5FFBiu7ko?authuser=0&hl=id&rclk=1,-5.3156704,123.5850437
bromo,Bromo Escapes,,,,,https://www.google.com/maps/place/Bromo+Escapes/data=!4m7!3m6!1s0x2dd649f4aefd2215:0x2bd924f21b9eef39!8m2!3d-7.9122234!4d113.036187!16s%2Fg%2F11t_s3m28v!19sChIJFSL9rvRJ1i0ROe-eG_Ik2Ss?authuser=0&hl=id&rclk=1,-7.9037251,112.9521356
bromo,Teras Bromo,,,,,https://www.google.com/maps/place/Teras+Bromo/data=!4m7!3m6!1s0x2dd633e57e085991:0x7b48e8d6f93323a!8m2!3d-7.8961844!4d112.8912837!16s%2Fg%2F11c6t6m3tx!19sChIJkVkIfuUz1i0ROjKTb42OtAc?authuser=0&hl=id&rclk=1,-7.9037251,112.9521356
bromo,Rehat Bromo Rest Area,,,,,https://www.google.com/maps/place/Rehat+Bromo+Rest+Area/data=!4m7!3m6!1s0x2dd63616d9e874cd:0xc754cc9312c9f5d3!8m2!3d-7.9163372!4d112.986021!16s%2Fg%2F11fx7mmpxk!19sChIJzXTo2RY21i0R0_XJEpPMVMc?authuser=0&hl=id&rclk=1,-7.916298,112.9860428
bromo,Kusuma Kitchen,,,,,https://www.google.com/maps/place/Kusuma+Kitchen/data=!4m7!3m6!1s0x2dd637ae2c1ac607:0xf100803cf4d1a50c!8m2!3d-7.9214479!4d112.9643866!16s%2Fg%2F11j7ggmq2_!19sChIJB8YaLK431i0RDKXR9DyAAPE?authuser=0&hl=id&rclk=1,-7.921405,112.9643154
bromo,De Potrek Bromo,,,,,https://www.google.com/maps/place/De+Potrek+Bromo/data=!4m10!3m9!1s0x2dd64902ac6e64c1:0x31b30fd90c20399e!5m2!4m1!1i2!8m2!3d-7.9137486!4d113.0364163!16s%2Fg%2F11fj6jlny8!19sChIJwWRurAJJ1i0RnjkgDNkPszE?authuser=0&hl=id&rclk=1,-7.9037251,112.9521356
bromo,Bawangan Bromo Hotel & Resto,,,,,https://www.google.com/maps/place/Bawangan+Bromo+Hotel+%26+Resto/data=!4m10!3m9!1s0x2dd649df6334a7fb:0x32fbc2b1f3bad588!5m2!4m1!1i2!8m2!3d-7.92302!4d113.001455!16s%2Fg%2F11gf5jd6sn!19sChIJ-6c0Y99J1i0RiNW687HC-zI?authuser=0&hl=id&rclk=1,-7.9037251,112.9521356
bromo,KOPI DEWA 19 BROMO,,,,,https://www.google.com/maps/place/KOPI+DEWA+19+BROMO/data=!4m7!3m6!1s0x2dd6370073fb0407:0xcae4c47b5d46c910!8m2!3d-7.9110229!4d112.9562996!16s%2Fg%2F11yxxszbjd!19sChIJBwT7cwA31i0REMlGXXvE5Mo?authuser=0&hl=id&rclk=1,-7.9037251,112.9521356
bromo,Caldera at ARTOTEL Cabin Bromo,,,,,https://www.google.com/maps/place/Caldera+at+ARTOTEL+Cabin+Bromo/data=!4m7!3m6!1s0x2dd637c10410761d:0xd9b8817d5f0fa117!8m2!3d-7.9271731!4d112.9687444!16s%2Fg%2F11l796dc2r!19sChIJHXYQBME31i0RF6EPX32BuNk?authuser=0&hl=id&rclk=1,-7.9037251,112.9521356
raja ampat,Logbond Cozy Resto & Bakery Waisai,,,,,https://www.google.com/maps/place/Logbond+Cozy+Resto+%26+Bakery+Waisai/data=!4m7!3m6!1s0x2d5f1d3024e52d51:0x5d186281f60039c6!8m2!3d-0.4288534!4d130.8034909!16s%2Fg%2F11gk136l0x!19sChIJUS3lJDAdXy0RxjkA9oFiGF0?authuser=0&hl=id&rclk=1,-0.7125553,130.3034473
raja ampat,Ayam Bakar Madu RAJA AMPAT,,,,,https://www.google.com/maps/place/Ayam+Bakar+Madu+RAJA+AMPAT/data=!4m7!3m6!1s0x2dd7f8542b091693:0xae6c44037203fc9!8m2!3d-7.2205604!4d112.7660369!16s%2Fg%2F11fmpyd5w0!19sChIJkxYJK1T41y0RyT8gN0DE5go?authuser=0&hl=id&rclk=1,-0.7125553,130.3034473
raja ampat,Rumah Makan PONDOK LESEHAN,,,,,https://www.google.com/maps/place/Rumah+Makan+PONDOK+LESEHAN/data=!4m7!3m6!1s0x2d5f1ce5c0eb1833:0x415fb51c42ef63e4!8m2!3d-0.4209643!4d130.8223871!16s%2Fg%2F11c2q3b7fm!19sChIJMxjrwOUcXy0R5GPvQhy1X0E?authuser=0&hl=id&rclk=1,-0.421107,130.8228097
raja ampat,Warung Cahaya Bone Waisai Raja Ampat,,,,,https://www.google.com/maps/place/Warung+Cahaya+Bone+Waisai+Raja+Ampat/data=!4m7!3m6!1s0x2d5f1ce0342bc921:0x21f947d718ca4449!8m2!3d-0.425672!4d130.8195551!16s%2Fg%2F11cmpgsd4q!19sChIJIckrNOAcXy0RSUTKGNdH-SE?authuser=0&hl=id&rclk=1,-0.7125553,130.3034473
raja ampat,Raja Ampat Cafe & Resto,,,,,https://www.google.com/maps/place/Raja+Ampat+Cafe+%26+Resto/data=!4m7!3m6!1s0x2e69f5003e35a635:0x6c51b0cece8b5107!8m2!3d-6.1825978!4d106.8687913!16s%2Fg%2F11yyhmzml4!19sChIJNaY1PgD1aS4RB1GLzs6wUWw?authuser=0&hl=id&rclk=1,-0.7125553,130.3034473
raja ampat,Rumah Makan Raja Ampat,,,,,https://www.google.com/maps/place/Rumah+Makan+Raja+Ampat/data=!4m7!3m6!1s0x2d5eab12bcaec647:0xd6c09628d571faf2!8m2!3d-0.8687968!4d131.2513784!16s%2Fg%2F11c2nj12sv!19sChIJR8auvBKrXi0R8vpx1SiWwNY?authuser=0&hl=id&rclk=1,-0.421107,130.8228097
raja ampat,Ayam Bakar Madu Raja Ampat,,,,,https://www.google.com/maps/place/Ayam+Bakar+Madu+Raja+Ampat/data=!4m7!3m6!1s0x2dd7f9833876fbcb:0xb672f5b689c58336!8m2!3d-7.2543764!4d112.7660136!16s%2Fg%2F11khs2534x!19sChIJy_t2OIP51y0RNoPFibb1crY?authuser=0&hl=id&rclk=1,-0.7125553,130.3034473
raja ampat,Cafe'in Raja Ampat,,,,,https://www.google.com/maps/place/Cafe%27in+Raja+Ampat/data=!4m7!3m6!1s0x2d5f1df5f0db836f:0x7573487f38bb2d47!8m2!3d-0.4218118!4d130.8234512!16s%2Fg%2F11p9mqdvxn!19sChIJb4Pb8PUdXy0RRy27OH9Ic3U?authuser=0&hl=id&rclk=1,-0.7125553,130.3034473
morotai,Jangkar Cafe & Resto,,,,,https://www.google.com/maps/place/Jangkar+Cafe+%26+Resto/data=!4m7!3m6!1s0x329099005ed972a9:0xb98c1219b5aee3d!8m2!3d2.0137177!4d128.2804864!16s%2Fg%2F11zb268lf6!19sChIJqXLZXgCZkDIRPe5amyHBmAs?authuser=0&hl=id&rclk=1,2.3129234,128.4418556
morotai,White Sand Beach Resto & Bar,,,,,https://www.google.com/maps/place/White+Sand+Beach+Resto+%26+Bar/data=!4m7!3m6!1s0x32909985ecf566ab:0xe081c42d2c04430d!8m2!3d2.007195!4d128.2788962!16s%2Fg%2F11xyn43jgx!19sChIJq2b17IWZkDIRDUMELC3EgeA?authuser=0&hl=id&rclk=1,2.3129234,128.4418556
morotai,Mutiara Coffee and Eat,,,,,https://www.google.com/maps/place/Mutiara+Coffee+and+Eat/data=!4m7!3m6!1s0x329099b653f34b4f:0xf848fc379842efe8!8m2!3d2.0433359!4d128.2921624!16s%2Fg%2F11tdp9vjk5!19sChIJT0vzU7aZkDIR6O9CmDf8SPg?authuser=0&hl=id&rclk=1,2.3129234,128.4418556
morotai,SEA GRILL,,,,,https://www.google.com/maps/place/SEA+GRILL/data=!4m7!3m6!1s0x3290970037192359:0x1bee1d7a89cd991f!8m2!3d2.062158!4d128.308891!16s%2Fg%2F11ynql_gc8!19sChIJWSMZNwCXkDIRH5nNiXod7hs?authuser=0&hl=id&rclk=1,2.3129234,128.4418556
morotai,Resto Jaguar,,,,,https://www.google.com/maps/place/Resto+Jaguar/data=!4m7!3m6!1s0x329099f8ef63f329:0x426654662a46ebc6!8m2!3d2.0305874!4d128.2929915!16s%2Fg%2F11jll3cmyv!19sChIJKfNj7_iZkDIRxutGKmZUZkI?authuser=0&hl=id&rclk=1,2.3129234,128.4418556
morotai,Warung Makan ZAM JAYA,,,,,https://www.google.com/maps/place/Warung+Makan+ZAM+JAYA/data=!4m7!3m6!1s0x3290981938b6ddb5:0xd9d9005f11b0aa5!8m2!3d2.0618199!4d128.3054514!16s%2Fg%2F11f10gy8s5!19sChIJtd22OBmYkDIRpQob8QWQnQ0?authuser=0&hl=id&rclk=1,2.3129234,128.4418556
morotai,Da Osaka Tuna,,,,,https://www.google.com/maps/place/Da+Osaka+Tuna/data=!4m7!3m6!1s0x3290b1d48829256f:0xa2c6cd899dcca4d3!8m2!3d2.0629345!4d128.4866885!16s%2Fg%2F11hzxs6sb7!19sChIJbyUpiNSxkDIR06TMnYnNxqI?authuser=0&hl=id&rclk=1,2.3129234,128.4418556
morotai,Irama Resto,,,,,https://www.google.com/maps/place/Irama+Resto/data=!4m7!3m6!1s0x329099f8316528bf:0xd0162046e9e5fcc3!8m2!3d2.0263495!4d128.2867151!16s%2Fg%2F11hxbbmqcl!19sChIJvyhlMfiZkDIRw_zl6UYgFtA?authuser=0&hl=id&rclk=1,2.3129234,128.4418556
