geoName,Mandalika Lombok,destination,Labuan Bajo,Likupang,Danau Toba,Candi Borobudur,Belitung,Wakatobi,Gunung Bromo,Raja Ampat,Pulau Morotai
Aceh,1.0,Mandalika Lombok,,,,,,,,,
Bali,9.0,Mandalika Lombok,,,,,,,,,
Banten,2.0,Mandalika Lombok,,,,,,,,,
Bengkulu,0.0,Mandalika Lombok,,,,,,,,,
Daerah Istimewa Yogyakarta,3.0,Mandalika Lombok,,,,,,,,,
Daerah Khusus Ibukota Jakarta,4.0,Mandalika Lombok,,,,,,,,,
Gorontalo,0.0,Mandalika Lombok,,,,,,,,,
Jambi,1.0,Mandalika Lombok,,,,,,,,,
Jawa Barat,2.0,Mandalika Lombok,,,,,,,,,
Jawa Tengah,1.0,Mandalika Lombok,,,,,,,,,
Jawa Timur,3.0,Mandalika Lombok,,,,,,,,,
Kalimantan Barat,1.0,Mandalika Lombok,,,,,,,,,
Kalimantan Selatan,1.0,Mandalika Lombok,,,,,,,,,
Kalimantan Tengah,1.0,Mandalika Lombok,,,,,,,,,
Kalimantan Timur,2.0,Mandalika Lombok,,,,,,,,,
Kalimantan Utara,0.0,Mandalika Lombok,,,,,,,,,
Kepulauan Bangka Belitung,0.0,Mandalika Lombok,,,,,,,,,
Kepulauan Riau,1.0,Mandalika Lombok,,,,,,,,,
Lampung,1.0,Mandalika Lombok,,,,,,,,,
Maluku,0.0,Mandalika Lombok,,,,,,,,,
Maluku Utara,0.0,Mandalika Lombok,,,,,,,,,
Nusa Tenggara Barat,100.0,Mandalika Lombok,,,,,,,,,
Nusa Tenggara Timur,2.0,Mandalika Lombok,,,,,,,,,
Papua,0.0,Mandalika Lombok,,,,,,,,,
Papua Barat,0.0,Mandalika Lombok,,,,,,,,,
Riau,1.0,Mandalika Lombok,,,,,,,,,
Sulawesi Barat,0.0,Mandalika Lombok,,,,,,,,,
Sulawesi Selatan,2.0,Mandalika Lombok,,,,,,,,,
Sulawesi Tengah,1.0,Mandalika Lombok,,,,,,,,,
Sulawesi Tenggara,1.0,Mandalika Lombok,,,,,,,,,
Sulawesi Utara,0.0,Mandalika Lombok,,,,,,,,,
Sumatera Barat,1.0,Mandalika Lombok,,,,,,,,,
Sumatera Selatan,1.0,Mandalika Lombok,,,,,,,,,
Sumatera Utara,1.0,Mandalika Lombok,,,,,,,,,
Aceh,,Labuan Bajo,1.0,,,,,,,,
Bali,,Labuan Bajo,11.0,,,,,,,,
Banten,,Labuan Bajo,3.0,,,,,,,,
Bengkulu,,Labuan Bajo,1.0,,,,,,,,
Daerah Istimewa Yogyakarta,,Labuan Bajo,3.0,,,,,,,,
Daerah Khusus Ibukota Jakarta,,Labuan Bajo,4.0,,,,,,,,
Gorontalo,,Labuan Bajo,1.0,,,,,,,,
Jambi,,Labuan Bajo,1.0,,,,,,,,
Jawa Barat,,Labuan Bajo,2.0,,,,,,,,
Jawa Tengah,,Labuan Bajo,1.0,,,,,,,,
Jawa Timur,,Labuan Bajo,2.0,,,,,,,,
Kalimantan Barat,,Labuan Bajo,1.0,,,,,,,,
Kalimantan Selatan,,Labuan Bajo,1.0,,,,,,,,
Kalimantan Tengah,,Labuan Bajo,2.0,,,,,,,,
Kalimantan Timur,,Labuan Bajo,2.0,,,,,,,,
Kalimantan Utara,,Labuan Bajo,2.0,,,,,,,,
Kepulauan Bangka Belitung,,Labuan Bajo,2.0,,,,,,,,
Kepulauan Riau,,Labuan Bajo,2.0,,,,,,,,
Lampung,,Labuan Bajo,1.0,,,,,,,,
Maluku,,Labuan Bajo,2.0,,,,,,,,
Maluku Utara,,Labuan Bajo,1.0,,,,,,,,
Nusa Tenggara Barat,,Labuan Bajo,8.0,,,,,,,,
Nusa Tenggara Timur,,Labuan Bajo,100.0,,,,,,,,
Papua,,Labuan Bajo,3.0,,,,,,,,
Papua Barat,,Labuan Bajo,2.0,,,,,,,,
Riau,,Labuan Bajo,1.0,,,,,,,,
Sulawesi Barat,,Labuan Bajo,1.0,,,,,,,,
Sulawesi Selatan,,Labuan Bajo,3.0,,,,,,,,
Sulawesi Tengah,,Labuan Bajo,1.0,,,,,,,,
Sulawesi Tenggara,,Labuan Bajo,2.0,,,,,,,,
Sulawesi Utara,,Labuan Bajo,2.0,,,,,,,,
Sumatera Barat,,Labuan Bajo,1.0,,,,,,,,
Sumatera Selatan,,Labuan Bajo,1.0,,,,,,,,
Sumatera Utara,,Labuan Bajo,1.0,,,,,,,,
Aceh,,Likupang,,0.0,,,,,,,
Bali,,Likupang,,1.0,,,,,,,
Banten,,Likupang,,1.0,,,,,,,
Bengkulu,,Likupang,,1.0,,,,,,,
Daerah Istimewa Yogyakarta,,Likupang,,1.0,,,,,,,
Daerah Khusus Ibukota Jakarta,,Likupang,,1.0,,,,,,,
Gorontalo,,Likupang,,6.0,,,,,,,
Jambi,,Likupang,,0.0,,,,,,,
Jawa Barat,,Likupang,,0.0,,,,,,,
Jawa Tengah,,Likupang,,0.0,,,,,,,
Jawa Timur,,Likupang,,0.0,,,,,,,
Kalimantan Barat,,Likupang,,0.0,,,,,,,
Kalimantan Selatan,,Likupang,,0.0,,,,,,,
Kalimantan Tengah,,Likupang,,0.0,,,,,,,
Kalimantan Timur,,Likupang,,1.0,,,,,,,
Kalimantan Utara,,Likupang,,0.0,,,,,,,
Kepulauan Bangka Belitung,,Likupang,,0.0,,,,,,,
Kepulauan Riau,,Likupang,,0.0,,,,,,,
Lampung,,Likupang,,0.0,,,,,,,
Maluku,,Likupang,,0.0,,,,,,,
Maluku Utara,,Likupang,,7.0,,,,,,,
Nusa Tenggara Barat,,Likupang,,1.0,,,,,,,
Nusa Tenggara Timur,,Likupang,,1.0,,,,,,,
Papua,,Likupang,,1.0,,,,,,,
Papua Barat,,Likupang,,2.0,,,,,,,
Riau,,Likupang,,0.0,,,,,,,
Sulawesi Barat,,Likupang,,0.0,,,,,,,
Sulawesi Selatan,,Likupang,,1.0,,,,,,,
Sulawesi Tengah,,Likupang,,1.0,,,,,,,
Sulawesi Tenggara,,Likupang,,1.0,,,,,,,
Sulawesi Utara,,Likupang,,100.0,,,,,,,
Sumatera Barat,,Likupang,,0.0,,,,,,,
Sumatera Selatan,,Likupang,,0.0,,,,,,,
Sumatera Utara,,Likupang,,0.0,,,,,,,
Aceh,,Danau Toba,,,16.0,,,,,,
Bali,,Danau Toba,,,8.0,,,,,,
Banten,,Danau Toba,,,9.0,,,,,,
Bengkulu,,Danau Toba,,,11.0,,,,,,
Daerah Istimewa Yogyakarta,,Danau Toba,,,9.0,,,,,,
Daerah Khusus Ibukota Jakarta,,Danau Toba,,,11.0,,,,,,
Gorontalo,,Danau Toba,,,7.0,,,,,,
Jambi,,Danau Toba,,,10.0,,,,,,
Jawa Barat,,Danau Toba,,,9.0,,,,,,
Jawa Tengah,,Danau Toba,,,10.0,,,,,,
Jawa Timur,,Danau Toba,,,10.0,,,,,,
Kalimantan Barat,,Danau Toba,,,8.0,,,,,,
Kalimantan Selatan,,Danau Toba,,,7.0,,,,,,
Kalimantan Tengah,,Danau Toba,,,9.0,,,,,,
Kalimantan Timur,,Danau Toba,,,11.0,,,,,,
Kalimantan Utara,,Danau Toba,,,9.0,,,,,,
Kepulauan Bangka Belitung,,Danau Toba,,,11.0,,,,,,
Kepulauan Riau,,Danau Toba,,,14.0,,,,,,
Lampung,,Danau Toba,,,9.0,,,,,,
Maluku,,Danau Toba,,,7.0,,,,,,
Maluku Utara,,Danau Toba,,,7.0,,,,,,
Nusa Tenggara Barat,,Danau Toba,,,7.0,,,,,,
Nusa Tenggara Timur,,Danau Toba,,,9.0,,,,,,
Papua,,Danau Toba,,,8.0,,,,,,
Papua Barat,,Danau Toba,,,8.0,,,,,,
Riau,,Danau Toba,,,22.0,,,,,,
Sulawesi Barat,,Danau Toba,,,7.0,,,,,,
Sulawesi Selatan,,Danau Toba,,,7.0,,,,,,
Sulawesi Tengah,,Danau Toba,,,7.0,,,,,,
Sulawesi Tenggara,,Danau Toba,,,7.0,,,,,,
Sulawesi Utara,,Danau Toba,,,8.0,,,,,,
Sumatera Barat,,Danau Toba,,,12.0,,,,,,
Sumatera Selatan,,Danau Toba,,,10.0,,,,,,
Sumatera Utara,,Danau Toba,,,100.0,,,,,,
Aceh,,Candi Borobudur,,,,22.0,,,,,
Bali,,Candi Borobudur,,,,36.0,,,,,
Banten,,Candi Borobudur,,,,36.0,,,,,
Bengkulu,,Candi Borobudur,,,,37.0,,,,,
Daerah Istimewa Yogyakarta,,Candi Borobudur,,,,100.0,,,,,
Daerah Khusus Ibukota Jakarta,,Candi Borobudur,,,,35.0,,,,,
Gorontalo,,Candi Borobudur,,,,26.0,,,,,
Jambi,,Candi Borobudur,,,,31.0,,,,,
Jawa Barat,,Candi Borobudur,,,,37.0,,,,,
Jawa Tengah,,Candi Borobudur,,,,65.0,,,,,
Jawa Timur,,Candi Borobudur,,,,46.0,,,,,
Kalimantan Barat,,Candi Borobudur,,,,30.0,,,,,
Kalimantan Selatan,,Candi Borobudur,,,,24.0,,,,,
Kalimantan Tengah,,Candi Borobudur,,,,27.0,,,,,
Kalimantan Timur,,Candi Borobudur,,,,28.0,,,,,
Kalimantan Utara,,Candi Borobudur,,,,29.0,,,,,
Kepulauan Bangka Belitung,,Candi Borobudur,,,,35.0,,,,,
Kepulauan Riau,,Candi Borobudur,,,,33.0,,,,,
Lampung,,Candi Borobudur,,,,39.0,,,,,
Maluku,,Candi Borobudur,,,,22.0,,,,,
Maluku Utara,,Candi Borobudur,,,,15.0,,,,,
Nusa Tenggara Barat,,Candi Borobudur,,,,27.0,,,,,
Nusa Tenggara Timur,,Candi Borobudur,,,,31.0,,,,,
Papua,,Candi Borobudur,,,,24.0,,,,,
Papua Barat,,Candi Borobudur,,,,27.0,,,,,
Riau,,Candi Borobudur,,,,30.0,,,,,
Sulawesi Barat,,Candi Borobudur,,,,29.0,,,,,
Sulawesi Selatan,,Candi Borobudur,,,,29.0,,,,,
Sulawesi Tengah,,Candi Borobudur,,,,24.0,,,,,
Sulawesi Tenggara,,Candi Borobudur,,,,26.0,,,,,
Sulawesi Utara,,Candi Borobudur,,,,30.0,,,,,
Sumatera Barat,,Candi Borobudur,,,,29.0,,,,,
Sumatera Selatan,,Candi Borobudur,,,,32.0,,,,,
Sumatera Utara,,Candi Borobudur,,,,39.0,,,,,
Aceh,,Belitung,,,,,0.0,,,,
Bali,,Belitung,,,,,0.0,,,,
Banten,,Belitung,,,,,1.0,,,,
Bengkulu,,Belitung,,,,,1.0,,,,
Daerah Istimewa Yogyakarta,,Belitung,,,,,1.0,,,,
Daerah Khusus Ibukota Jakarta,,Belitung,,,,,1.0,,,,
Gorontalo,,Belitung,,,,,0.0,,,,
Jambi,,Belitung,,,,,1.0,,,,
Jawa Barat,,Belitung,,,,,1.0,,,,
Jawa Tengah,,Belitung,,,,,0.0,,,,
Jawa Timur,,Belitung,,,,,0.0,,,,
Kalimantan Barat,,Belitung,,,,,0.0,,,,
Kalimantan Selatan,,Belitung,,,,,1.0,,,,
Kalimantan Tengah,,Belitung,,,,,0.0,,,,
Kalimantan Timur,,Belitung,,,,,0.0,,,,
Kalimantan Utara,,Belitung,,,,,0.0,,,,
Kepulauan Bangka Belitung,,Belitung,,,,,100.0,,,,
Kepulauan Riau,,Belitung,,,,,1.0,,,,
Lampung,,Belitung,,,,,1.0,,,,
Maluku,,Belitung,,,,,0.0,,,,
Maluku Utara,,Belitung,,,,,0.0,,,,
Nusa Tenggara Barat,,Belitung,,,,,0.0,,,,
Nusa Tenggara Timur,,Belitung,,,,,0.0,,,,
Papua,,Belitung,,,,,0.0,,,,
Papua Barat,,Belitung,,,,,0.0,,,,
Riau,,Belitung,,,,,1.0,,,,
Sulawesi Barat,,Belitung,,,,,0.0,,,,
Sulawesi Selatan,,Belitung,,,,,0.0,,,,
Sulawesi Tengah,,Belitung,,,,,0.0,,,,
Sulawesi Tenggara,,Belitung,,,,,0.0,,,,
Sulawesi Utara,,Belitung,,,,,0.0,,,,
Sumatera Barat,,Belitung,,,,,1.0,,,,
Sumatera Selatan,,Belitung,,,,,2.0,,,,
Sumatera Utara,,Belitung,,,,,0.0,,,,
Aceh,,Wakatobi,,,,,,1.0,,,
Bali,,Wakatobi,,,,,,2.0,,,
Banten,,Wakatobi,,,,,,1.0,,,
Bengkulu,,Wakatobi,,,,,,1.0,,,
Daerah Istimewa Yogyakarta,,Wakatobi,,,,,,2.0,,,
Daerah Khusus Ibukota Jakarta,,Wakatobi,,,,,,2.0,,,
Gorontalo,,Wakatobi,,,,,,2.0,,,
Jambi,,Wakatobi,,,,,,1.0,,,
Jawa Barat,,Wakatobi,,,,,,1.0,,,
Jawa Tengah,,Wakatobi,,,,,,1.0,,,
Jawa Timur,,Wakatobi,,,,,,1.0,,,
Kalimantan Barat,,Wakatobi,,,,,,1.0,,,
Kalimantan Selatan,,Wakatobi,,,,,,1.0,,,
Kalimantan Tengah,,Wakatobi,,,,,,1.0,,,
Kalimantan Timur,,Wakatobi,,,,,,2.0,,,
Kalimantan Utara,,Wakatobi,,,,,,3.0,,,
Kepulauan Bangka Belitung,,Wakatobi,,,,,,2.0,,,
Kepulauan Riau,,Wakatobi,,,,,,2.0,,,
Lampung,,Wakatobi,,,,,,1.0,,,
Maluku,,Wakatobi,,,,,,6.0,,,
Maluku Utara,,Wakatobi,,,,,,12.0,,,
Nusa Tenggara Barat,,Wakatobi,,,,,,1.0,,,
Nusa Tenggara Timur,,Wakatobi,,,,,,3.0,,,
Papua,,Wakatobi,,,,,,4.0,,,
Papua Barat,,Wakatobi,,,,,,5.0,,,
Riau,,Wakatobi,,,,,,1.0,,,
Sulawesi Barat,,Wakatobi,,,,,,3.0,,,
Sulawesi Selatan,,Wakatobi,,,,,,7.0,,,
Sulawesi Tengah,,Wakatobi,,,,,,3.0,,,
Sulawesi Tenggara,,Wakatobi,,,,,,100.0,,,
Sulawesi Utara,,Wakatobi,,,,,,3.0,,,
Sumatera Barat,,Wakatobi,,,,,,1.0,,,
Sumatera Selatan,,Wakatobi,,,,,,1.0,,,
Sumatera Utara,,Wakatobi,,,,,,1.0,,,
Aceh,,Gunung Bromo,,,,,,,21.0,,
Bali,,Gunung Bromo,,,,,,,34.0,,
Banten,,Gunung Bromo,,,,,,,35.0,,
Bengkulu,,Gunung Bromo,,,,,,,31.0,,
Daerah Istimewa Yogyakarta,,Gunung Bromo,,,,,,,41.0,,
Daerah Khusus Ibukota Jakarta,,Gunung Bromo,,,,,,,33.0,,
Gorontalo,,Gunung Bromo,,,,,,,26.0,,
Jambi,,Gunung Bromo,,,,,,,29.0,,
Jawa Barat,,Gunung Bromo,,,,,,,35.0,,
Jawa Tengah,,Gunung Bromo,,,,,,,53.0,,
Jawa Timur,,Gunung Bromo,,,,,,,100.0,,
Kalimantan Barat,,Gunung Bromo,,,,,,,28.0,,
Kalimantan Selatan,,Gunung Bromo,,,,,,,33.0,,
Kalimantan Tengah,,Gunung Bromo,,,,,,,29.0,,
Kalimantan Timur,,Gunung Bromo,,,,,,,34.0,,
Kalimantan Utara,,Gunung Bromo,,,,,,,28.0,,
Kepulauan Bangka Belitung,,Gunung Bromo,,,,,,,31.0,,
Kepulauan Riau,,Gunung Bromo,,,,,,,35.0,,
Lampung,,Gunung Bromo,,,,,,,33.0,,
Maluku,,Gunung Bromo,,,,,,,20.0,,
Maluku Utara,,Gunung Bromo,,,,,,,18.0,,
Nusa Tenggara Barat,,Gunung Bromo,,,,,,,20.0,,
Nusa Tenggara Timur,,Gunung Bromo,,,,,,,22.0,,
Papua,,Gunung Bromo,,,,,,,19.0,,
Papua Barat,,Gunung Bromo,,,,,,,21.0,,
Riau,,Gunung Bromo,,,,,,,27.0,,
Sulawesi Barat,,Gunung Bromo,,,,,,,19.0,,
Sulawesi Selatan,,Gunung Bromo,,,,,,,24.0,,
Sulawesi Tengah,,Gunung Bromo,,,,,,,22.0,,
Sulawesi Tenggara,,Gunung Bromo,,,,,,,24.0,,
Sulawesi Utara,,Gunung Bromo,,,,,,,23.0,,
Sumatera Barat,,Gunung Bromo,,,,,,,27.0,,
Sumatera Selatan,,Gunung Bromo,,,,,,,28.0,,
Sumatera Utara,,Gunung Bromo,,,,,,,24.0,,
Aceh,,Raja Ampat,,,,,,,,1.0,
Bali,,Raja Ampat,,,,,,,,6.0,
Banten,,Raja Ampat,,,,,,,,2.0,
Bengkulu,,Raja Ampat,,,,,,,,2.0,
Daerah Istimewa Yogyakarta,,Raja Ampat,,,,,,,,3.0,
Daerah Khusus Ibukota Jakarta,,Raja Ampat,,,,,,,,3.0,
Gorontalo,,Raja Ampat,,,,,,,,2.0,
Jambi,,Raja Ampat,,,,,,,,2.0,
Jawa Barat,,Raja Ampat,,,,,,,,2.0,
Jawa Tengah,,Raja Ampat,,,,,,,,2.0,
Jawa Timur,,Raja Ampat,,,,,,,,2.0,
Kalimantan Barat,,Raja Ampat,,,,,,,,2.0,
Kalimantan Selatan,,Raja Ampat,,,,,,,,2.0,
Kalimantan Tengah,,Raja Ampat,,,,,,,,2.0,
Kalimantan Timur,,Raja Ampat,,,,,,,,2.0,
Kalimantan Utara,,Raja Ampat,,,,,,,,2.0,
Kepulauan Bangka Belitung,,Raja Ampat,,,,,,,,2.0,
Kepulauan Riau,,Raja Ampat,,,,,,,,2.0,
Lampung,,Raja Ampat,,,,,,,,1.0,
Maluku,,Raja Ampat,,,,,,,,4.0,
Maluku Utara,,Raja Ampat,,,,,,,,4.0,
Nusa Tenggara Barat,,Raja Ampat,,,,,,,,3.0,
Nusa Tenggara Timur,,Raja Ampat,,,,,,,,3.0,
Papua,,Raja Ampat,,,,,,,,9.0,
Papua Barat,,Raja Ampat,,,,,,,,100.0,
Riau,,Raja Ampat,,,,,,,,2.0,
Sulawesi Barat,,Raja Ampat,,,,,,,,2.0,
Sulawesi Selatan,,Raja Ampat,,,,,,,,3.0,
Sulawesi Tengah,,Raja Ampat,,,,,,,,2.0,
Sulawesi Tenggara,,Raja Ampat,,,,,,,,2.0,
Sulawesi Utara,,Raja Ampat,,,,,,,,4.0,
Sumatera Barat,,Raja Ampat,,,,,,,,2.0,
Sumatera Selatan,,Raja Ampat,,,,,,,,2.0,
Sumatera Utara,,Raja Ampat,,,,,,,,2.0,
Aceh,,Pulau Morotai,,,,,,,,,0.0
Bali,,Pulau Morotai,,,,,,,,,1.0
Banten,,Pulau Morotai,,,,,,,,,0.0
Bengkulu,,Pulau Morotai,,,,,,,,,0.0
Daerah Istimewa Yogyakarta,,Pulau Morotai,,,,,,,,,1.0
Daerah Khusus Ibukota Jakarta,,Pulau Morotai,,,,,,,,,1.0
Gorontalo,,Pulau Morotai,,,,,,,,,1.0
Jambi,,Pulau Morotai,,,,,,,,,0.0
Jawa Barat,,Pulau Morotai,,,,,,,,,0.0
Jawa Tengah,,Pulau Morotai,,,,,,,,,0.0
Jawa Timur,,Pulau Morotai,,,,,,,,,0.0
Kalimantan Barat,,Pulau Morotai,,,,,,,,,0.0
Kalimantan Selatan,,Pulau Morotai,,,,,,,,,0.0
Kalimantan Tengah,,Pulau Morotai,,,,,,,,,0.0
Kalimantan Timur,,Pulau Morotai,,,,,,,,,0.0
Kalimantan Utara,,Pulau Morotai,,,,,,,,,0.0
Kepulauan Bangka Belitung,,Pulau Morotai,,,,,,,,,0.0
Kepulauan Riau,,Pulau Morotai,,,,,,,,,0.0
Lampung,,Pulau Morotai,,,,,,,,,1.0
Maluku,,Pulau Morotai,,,,,,,,,1.0
Maluku Utara,,Pulau Morotai,,,,,,,,,100.0
Nusa Tenggara Barat,,Pulau Morotai,,,,,,,,,0.0
Nusa Tenggara Timur,,Pulau Morotai,,,,,,,,,0.0
Papua,,Pulau Morotai,,,,,,,,,0.0
Papua Barat,,Pulau Morotai,,,,,,,,,2.0
Riau,,Pulau Morotai,,,,,,,,,0.0
Sulawesi Barat,,Pulau Morotai,,,,,,,,,0.0
Sulawesi Selatan,,Pulau Morotai,,,,,,,,,1.0
Sulawesi Tengah,,Pulau Morotai,,,,,,,,,0.0
Sulawesi Tenggara,,Pulau Morotai,,,,,,,,,1.0
Sulawesi Utara,,Pulau Morotai,,,,,,,,,2.0
Sumatera Barat,,Pulau Morotai,,,,,,,,,0.0
Sumatera Selatan,,Pulau Morotai,,,,,,,,,0.0
Sumatera Utara,,Pulau Morotai,,,,,,,,,0.0
