date,destination,score
2023-01-01,Mandalika Lombok,37
2023-01-08,Mandalika Lombok,30
2023-01-15,Mandalika Lombok,25
2023-01-22,Mandalika Lombok,28
2023-01-29,Mandalika Lombok,33
2023-02-05,Mandalika Lombok,25
2023-02-12,Mandalika Lombok,24
2023-02-19,Mandalika Lombok,30
2023-02-26,Mandalika Lombok,27
2023-03-05,Mandalika Lombok,33
2023-03-12,Mandalika Lombok,25
2023-03-19,Mandalika Lombok,20
2023-03-26,Mandalika Lombok,32
2023-04-02,Mandalika Lombok,16
2023-04-09,Mandalika Lombok,23
2023-04-16,Mandalika Lombok,18
2023-04-23,Mandalika Lombok,33
2023-04-30,Mandalika Lombok,18
2023-05-07,Mandalika Lombok,26
2023-05-14,Mandalika Lombok,25
2023-05-21,Mandalika Lombok,23
2023-05-28,Mandalika Lombok,26
2023-06-04,Mandalika Lombok,27
2023-06-11,Mandalika Lombok,27
2023-06-18,Mandalika Lombok,28
2023-06-25,Mandalika Lombok,25
2023-07-02,Mandalika Lombok,32
2023-07-09,Mandalika Lombok,30
2023-07-16,Mandalika Lombok,35
2023-07-23,Mandalika Lombok,30
2023-07-30,Mandalika Lombok,21
2023-08-06,Mandalika Lombok,33
2023-08-13,Mandalika Lombok,33
2023-08-20,Mandalika Lombok,27
2023-08-27,Mandalika Lombok,20
2023-09-03,Mandalika Lombok,19
2023-09-10,Mandalika Lombok,27
2023-09-17,Mandalika Lombok,46
2023-09-24,Mandalika Lombok,35
2023-10-01,Mandalika Lombok,41
2023-10-08,Mandalika Lombok,100
2023-10-15,Mandalika Lombok,99
2023-10-22,Mandalika Lombok,28
2023-10-29,Mandalika Lombok,33
2023-11-05,Mandalika Lombok,35
2023-11-12,Mandalika Lombok,29
2023-11-19,Mandalika Lombok,26
2023-11-26,Mandalika Lombok,31
2023-12-03,Mandalika Lombok,40
2023-12-10,Mandalika Lombok,25
2023-12-17,Mandalika Lombok,36
2023-12-24,Mandalika Lombok,40
2023-12-31,Mandalika Lombok,36
2024-01-07,Mandalika Lombok,20
2024-01-14,Mandalika Lombok,26
2024-01-21,Mandalika Lombok,22
2024-01-28,Mandalika Lombok,30
2024-02-04,Mandalika Lombok,24
2024-02-11,Mandalika Lombok,22
2024-02-18,Mandalika Lombok,22
2024-02-25,Mandalika Lombok,17
2024-03-03,Mandalika Lombok,26
2024-03-10,Mandalika Lombok,17
2024-03-17,Mandalika Lombok,26
2024-03-24,Mandalika Lombok,24
2024-03-31,Mandalika Lombok,18
2024-04-07,Mandalika Lombok,23
2024-04-14,Mandalika Lombok,29
2024-04-21,Mandalika Lombok,40
2024-04-28,Mandalika Lombok,19
2024-05-05,Mandalika Lombok,27
2024-05-12,Mandalika Lombok,27
2024-05-19,Mandalika Lombok,34
2024-05-26,Mandalika Lombok,31
2024-06-02,Mandalika Lombok,17
2024-06-09,Mandalika Lombok,33
2024-06-16,Mandalika Lombok,36
2024-06-23,Mandalika Lombok,34
2024-06-30,Mandalika Lombok,37
2024-07-07,Mandalika Lombok,30
2024-07-14,Mandalika Lombok,40
2024-07-21,Mandalika Lombok,33
2024-07-28,Mandalika Lombok,32
2024-08-04,Mandalika Lombok,25
2024-08-11,Mandalika Lombok,28
2024-08-18,Mandalika Lombok,34
2024-08-25,Mandalika Lombok,36
2024-09-01,Mandalika Lombok,35
2024-09-08,Mandalika Lombok,35
2024-09-15,Mandalika Lombok,46
2024-09-22,Mandalika Lombok,90
2024-09-29,Mandalika Lombok,67
2024-10-06,Mandalika Lombok,29
2024-10-13,Mandalika Lombok,17
2024-10-20,Mandalika Lombok,20
2024-10-27,Mandalika Lombok,25
2024-11-03,Mandalika Lombok,12
2024-11-10,Mandalika Lombok,25
2024-11-17,Mandalika Lombok,17
2024-11-24,Mandalika Lombok,12
2024-12-01,Mandalika Lombok,21
2024-12-08,Mandalika Lombok,34
2024-12-15,Mandalika Lombok,26
2024-12-22,Mandalika Lombok,20
2024-12-29,Mandalika Lombok,33
2025-01-05,Mandalika Lombok,21
2025-01-12,Mandalika Lombok,20
2025-01-19,Mandalika Lombok,23
2025-01-26,Mandalika Lombok,28
2025-02-02,Mandalika Lombok,21
2025-02-09,Mandalika Lombok,18
2025-02-16,Mandalika Lombok,23
2025-02-23,Mandalika Lombok,25
2025-03-02,Mandalika Lombok,27
2025-03-09,Mandalika Lombok,23
2025-03-16,Mandalika Lombok,22
2025-03-23,Mandalika Lombok,25
2025-03-30,Mandalika Lombok,28
2025-04-06,Mandalika Lombok,26
2025-04-13,Mandalika Lombok,31
2025-04-20,Mandalika Lombok,17
2025-04-27,Mandalika Lombok,31
2025-05-04,Mandalika Lombok,28
2025-05-11,Mandalika Lombok,29
2025-05-18,Mandalika Lombok,23
2025-05-25,Mandalika Lombok,32
2025-06-01,Mandalika Lombok,24
2025-06-08,Mandalika Lombok,19
2025-06-15,Mandalika Lombok,23
2025-06-22,Mandalika Lombok,34
2025-06-29,Mandalika Lombok,36
2025-07-06,Mandalika Lombok,32
2025-07-13,Mandalika Lombok,38
2025-07-20,Mandalika Lombok,33
2025-07-27,Mandalika Lombok,24
2025-08-03,Mandalika Lombok,32
2025-08-10,Mandalika Lombok,36
2025-08-17,Mandalika Lombok,27
2025-08-24,Mandalika Lombok,34
2025-08-31,Mandalika Lombok,21
2025-09-07,Mandalika Lombok,34
2025-09-14,Mandalika Lombok,33
2025-09-21,Mandalika Lombok,40
2025-09-28,Mandalika Lombok,71
2025-10-05,Mandalika Lombok,57
2025-10-12,Mandalika Lombok,30
2025-10-19,Mandalika Lombok,23
2025-10-26,Mandalika Lombok,20
2025-11-02,Mandalika Lombok,22
2025-11-09,Mandalika Lombok,34
2025-11-16,Mandalika Lombok,12
2025-11-23,Mandalika Lombok,26
2025-11-30,Mandalika Lombok,28
2025-12-07,Mandalika Lombok,28
2025-12-14,Mandalika Lombok,23
2025-12-21,Mandalika Lombok,22
2025-12-28,Mandalika Lombok,30
2026-01-04,Mandalika Lombok,19
2026-01-11,Mandalika Lombok,24
2026-01-18,Mandalika Lombok,31
2026-01-25,Mandalika Lombok,20
2026-02-01,Mandalika Lombok,21
2026-02-08,Mandalika Lombok,19
2026-02-15,Mandalika Lombok,28
2026-02-22,Mandalika Lombok,17
2026-03-01,Mandalika Lombok,20
2026-03-08,Mandalika Lombok,25
2026-03-15,Mandalika Lombok,22
2026-03-22,Mandalika Lombok,23
2026-03-29,Mandalika Lombok,17
2026-04-05,Mandalika Lombok,34
2026-04-12,Mandalika Lombok,23
2026-04-19,Mandalika Lombok,22
2026-04-26,Mandalika Lombok,27
2026-05-03,Mandalika Lombok,22
2026-05-10,Mandalika Lombok,28
2026-05-17,Mandalika Lombok,31
2026-05-24,Mandalika Lombok,25
2026-05-31,Mandalika Lombok,23
2023-01-01,Labuan Bajo,37
2023-01-08,Labuan Bajo,37
2023-01-15,Labuan Bajo,35
2023-01-22,Labuan Bajo,37
2023-01-29,Labuan Bajo,34
2023-02-05,Labuan Bajo,35
2023-02-12,Labuan Bajo,31
2023-02-19,Labuan Bajo,36
2023-02-26,Labuan Bajo,37
2023-03-05,Labuan Bajo,37
2023-03-12,Labuan Bajo,38
2023-03-19,Labuan Bajo,39
2023-03-26,Labuan Bajo,36
2023-04-02,Labuan Bajo,36
2023-04-09,Labuan Bajo,37
2023-04-16,Labuan Bajo,44
2023-04-23,Labuan Bajo,84
2023-04-30,Labuan Bajo,83
2023-05-07,Labuan Bajo,100
2023-05-14,Labuan Bajo,63
2023-05-21,Labuan Bajo,55
2023-05-28,Labuan Bajo,66
2023-06-04,Labuan Bajo,55
2023-06-11,Labuan Bajo,54
2023-06-18,Labuan Bajo,54
2023-06-25,Labuan Bajo,53
2023-07-02,Labuan Bajo,52
2023-07-09,Labuan Bajo,48
2023-07-16,Labuan Bajo,49
2023-07-23,Labuan Bajo,48
2023-07-30,Labuan Bajo,45
2023-08-06,Labuan Bajo,53
2023-08-13,Labuan Bajo,48
2023-08-20,Labuan Bajo,54
2023-08-27,Labuan Bajo,48
2023-09-03,Labuan Bajo,47
2023-09-10,Labuan Bajo,46
2023-09-17,Labuan Bajo,43
2023-09-24,Labuan Bajo,42
2023-10-01,Labuan Bajo,45
2023-10-08,Labuan Bajo,47
2023-10-15,Labuan Bajo,43
2023-10-22,Labuan Bajo,51
2023-10-29,Labuan Bajo,41
2023-11-05,Labuan Bajo,38
2023-11-12,Labuan Bajo,45
2023-11-19,Labuan Bajo,42
2023-11-26,Labuan Bajo,40
2023-12-03,Labuan Bajo,38
2023-12-10,Labuan Bajo,39
2023-12-17,Labuan Bajo,40
2023-12-24,Labuan Bajo,43
2023-12-31,Labuan Bajo,44
2024-01-07,Labuan Bajo,37
2024-01-14,Labuan Bajo,35
2024-01-21,Labuan Bajo,37
2024-01-28,Labuan Bajo,34
2024-02-04,Labuan Bajo,33
2024-02-11,Labuan Bajo,32
2024-02-18,Labuan Bajo,37
2024-02-25,Labuan Bajo,40
2024-03-03,Labuan Bajo,40
2024-03-10,Labuan Bajo,40
2024-03-17,Labuan Bajo,35
2024-03-24,Labuan Bajo,34
2024-03-31,Labuan Bajo,35
2024-04-07,Labuan Bajo,42
2024-04-14,Labuan Bajo,44
2024-04-21,Labuan Bajo,43
2024-04-28,Labuan Bajo,39
2024-05-05,Labuan Bajo,44
2024-05-12,Labuan Bajo,44
2024-05-19,Labuan Bajo,46
2024-05-26,Labuan Bajo,39
2024-06-02,Labuan Bajo,41
2024-06-09,Labuan Bajo,49
2024-06-16,Labuan Bajo,50
2024-06-23,Labuan Bajo,49
2024-06-30,Labuan Bajo,49
2024-07-07,Labuan Bajo,51
2024-07-14,Labuan Bajo,46
2024-07-21,Labuan Bajo,49
2024-07-28,Labuan Bajo,44
2024-08-04,Labuan Bajo,48
2024-08-11,Labuan Bajo,48
2024-08-18,Labuan Bajo,45
2024-08-25,Labuan Bajo,46
2024-09-01,Labuan Bajo,40
2024-09-08,Labuan Bajo,44
2024-09-15,Labuan Bajo,47
2024-09-22,Labuan Bajo,43
2024-09-29,Labuan Bajo,40
2024-10-06,Labuan Bajo,39
2024-10-13,Labuan Bajo,41
2024-10-20,Labuan Bajo,40
2024-10-27,Labuan Bajo,41
2024-11-03,Labuan Bajo,47
2024-11-10,Labuan Bajo,54
2024-11-17,Labuan Bajo,34
2024-11-24,Labuan Bajo,34
2024-12-01,Labuan Bajo,33
2024-12-08,Labuan Bajo,32
2024-12-15,Labuan Bajo,31
2024-12-22,Labuan Bajo,34
2024-12-29,Labuan Bajo,34
2025-01-05,Labuan Bajo,36
2025-01-12,Labuan Bajo,31
2025-01-19,Labuan Bajo,34
2025-01-26,Labuan Bajo,32
2025-02-02,Labuan Bajo,30
2025-02-09,Labuan Bajo,28
2025-02-16,Labuan Bajo,33
2025-02-23,Labuan Bajo,34
2025-03-02,Labuan Bajo,28
2025-03-09,Labuan Bajo,30
2025-03-16,Labuan Bajo,33
2025-03-23,Labuan Bajo,30
2025-03-30,Labuan Bajo,40
2025-04-06,Labuan Bajo,37
2025-04-13,Labuan Bajo,35
2025-04-20,Labuan Bajo,37
2025-04-27,Labuan Bajo,37
2025-05-04,Labuan Bajo,38
2025-05-11,Labuan Bajo,39
2025-05-18,Labuan Bajo,37
2025-05-25,Labuan Bajo,39
2025-06-01,Labuan Bajo,41
2025-06-08,Labuan Bajo,40
2025-06-15,Labuan Bajo,43
2025-06-22,Labuan Bajo,37
2025-06-29,Labuan Bajo,40
2025-07-06,Labuan Bajo,44
2025-07-13,Labuan Bajo,36
2025-07-20,Labuan Bajo,38
2025-07-27,Labuan Bajo,38
2025-08-03,Labuan Bajo,40
2025-08-10,Labuan Bajo,40
2025-08-17,Labuan Bajo,40
2025-08-24,Labuan Bajo,34
2025-08-31,Labuan Bajo,32
2025-09-07,Labuan Bajo,35
2025-09-14,Labuan Bajo,33
2025-09-21,Labuan Bajo,30
2025-09-28,Labuan Bajo,34
2025-10-05,Labuan Bajo,29
2025-10-12,Labuan Bajo,34
2025-10-19,Labuan Bajo,32
2025-10-26,Labuan Bajo,34
2025-11-02,Labuan Bajo,30
2025-11-09,Labuan Bajo,32
2025-11-16,Labuan Bajo,32
2025-11-23,Labuan Bajo,30
2025-11-30,Labuan Bajo,29
2025-12-07,Labuan Bajo,27
2025-12-14,Labuan Bajo,28
2025-12-21,Labuan Bajo,31
2025-12-28,Labuan Bajo,56
2026-01-04,Labuan Bajo,51
2026-01-11,Labuan Bajo,35
2026-01-18,Labuan Bajo,26
2026-01-25,Labuan Bajo,26
2026-02-01,Labuan Bajo,24
2026-02-08,Labuan Bajo,25
2026-02-15,Labuan Bajo,24
2026-02-22,Labuan Bajo,28
2026-03-01,Labuan Bajo,30
2026-03-08,Labuan Bajo,28
2026-03-15,Labuan Bajo,29
2026-03-22,Labuan Bajo,36
2026-03-29,Labuan Bajo,32
2026-04-05,Labuan Bajo,35
2026-04-12,Labuan Bajo,33
2026-04-19,Labuan Bajo,30
2026-04-26,Labuan Bajo,34
2026-05-03,Labuan Bajo,32
2026-05-10,Labuan Bajo,35
2026-05-17,Labuan Bajo,32
2026-05-24,Labuan Bajo,35
2026-05-31,Labuan Bajo,38
2023-01-01,Likupang,66
2023-01-08,Likupang,71
2023-01-15,Likupang,98
2023-01-22,Likupang,53
2023-01-29,Likupang,60
2023-02-05,Likupang,80
2023-02-12,Likupang,47
2023-02-19,Likupang,70
2023-02-26,Likupang,50
2023-03-05,Likupang,42
2023-03-12,Likupang,54
2023-03-19,Likupang,55
2023-03-26,Likupang,58
2023-04-02,Likupang,59
2023-04-09,Likupang,59
2023-04-16,Likupang,77
2023-04-23,Likupang,78
2023-04-30,Likupang,52
2023-05-07,Likupang,54
2023-05-14,Likupang,70
2023-05-21,Likupang,79
2023-05-28,Likupang,98
2023-06-04,Likupang,64
2023-06-11,Likupang,53
2023-06-18,Likupang,59
2023-06-25,Likupang,62
2023-07-02,Likupang,64
2023-07-09,Likupang,64
2023-07-16,Likupang,70
2023-07-23,Likupang,46
2023-07-30,Likupang,51
2023-08-06,Likupang,52
2023-08-13,Likupang,41
2023-08-20,Likupang,45
2023-08-27,Likupang,50
2023-09-03,Likupang,61
2023-09-10,Likupang,65
2023-09-17,Likupang,44
2023-09-24,Likupang,56
2023-10-01,Likupang,59
2023-10-08,Likupang,58
2023-10-15,Likupang,53
2023-10-22,Likupang,71
2023-10-29,Likupang,59
2023-11-05,Likupang,56
2023-11-12,Likupang,56
2023-11-19,Likupang,46
2023-11-26,Likupang,55
2023-12-03,Likupang,51
2023-12-10,Likupang,50
2023-12-17,Likupang,63
2023-12-24,Likupang,34
2023-12-31,Likupang,56
2024-01-07,Likupang,54
2024-01-14,Likupang,44
2024-01-21,Likupang,43
2024-01-28,Likupang,46
2024-02-04,Likupang,67
2024-02-11,Likupang,46
2024-02-18,Likupang,53
2024-02-25,Likupang,74
2024-03-03,Likupang,57
2024-03-10,Likupang,67
2024-03-17,Likupang,66
2024-03-24,Likupang,48
2024-03-31,Likupang,40
2024-04-07,Likupang,100
2024-04-14,Likupang,83
2024-04-21,Likupang,74
2024-04-28,Likupang,66
2024-05-05,Likupang,62
2024-05-12,Likupang,62
2024-05-19,Likupang,73
2024-05-26,Likupang,69
2024-06-02,Likupang,82
2024-06-09,Likupang,60
2024-06-16,Likupang,97
2024-06-23,Likupang,69
2024-06-30,Likupang,70
2024-07-07,Likupang,54
2024-07-14,Likupang,50
2024-07-21,Likupang,57
2024-07-28,Likupang,58
2024-08-04,Likupang,50
2024-08-11,Likupang,59
2024-08-18,Likupang,41
2024-08-25,Likupang,51
2024-09-01,Likupang,47
2024-09-08,Likupang,61
2024-09-15,Likupang,68
2024-09-22,Likupang,51
2024-09-29,Likupang,52
2024-10-06,Likupang,57
2024-10-13,Likupang,62
2024-10-20,Likupang,34
2024-10-27,Likupang,37
2024-11-03,Likupang,49
2024-11-10,Likupang,54
2024-11-17,Likupang,71
2024-11-24,Likupang,54
2024-12-01,Likupang,56
2024-12-08,Likupang,43
2024-12-15,Likupang,41
2024-12-22,Likupang,30
2024-12-29,Likupang,38
2025-01-05,Likupang,56
2025-01-12,Likupang,51
2025-01-19,Likupang,46
2025-01-26,Likupang,69
2025-02-02,Likupang,33
2025-02-09,Likupang,73
2025-02-16,Likupang,44
2025-02-23,Likupang,31
2025-03-02,Likupang,50
2025-03-09,Likupang,28
2025-03-16,Likupang,59
2025-03-23,Likupang,31
2025-03-30,Likupang,59
2025-04-06,Likupang,49
2025-04-13,Likupang,43
2025-04-20,Likupang,52
2025-04-27,Likupang,64
2025-05-04,Likupang,45
2025-05-11,Likupang,37
2025-05-18,Likupang,23
2025-05-25,Likupang,58
2025-06-01,Likupang,50
2025-06-08,Likupang,58
2025-06-15,Likupang,35
2025-06-22,Likupang,49
2025-06-29,Likupang,30
2025-07-06,Likupang,49
2025-07-13,Likupang,63
2025-07-20,Likupang,85
2025-07-27,Likupang,51
2025-08-03,Likupang,50
2025-08-10,Likupang,69
2025-08-17,Likupang,40
2025-08-24,Likupang,54
2025-08-31,Likupang,24
2025-09-07,Likupang,44
2025-09-14,Likupang,42
2025-09-21,Likupang,21
2025-09-28,Likupang,48
2025-10-05,Likupang,44
2025-10-12,Likupang,43
2025-10-19,Likupang,30
2025-10-26,Likupang,32
2025-11-02,Likupang,58
2025-11-09,Likupang,40
2025-11-16,Likupang,36
2025-11-23,Likupang,57
2025-11-30,Likupang,38
2025-12-07,Likupang,42
2025-12-14,Likupang,36
2025-12-21,Likupang,43
2025-12-28,Likupang,31
2026-01-04,Likupang,47
2026-01-11,Likupang,40
2026-01-18,Likupang,37
2026-01-25,Likupang,55
2026-02-01,Likupang,44
2026-02-08,Likupang,38
2026-02-15,Likupang,46
2026-02-22,Likupang,44
2026-03-01,Likupang,41
2026-03-08,Likupang,43
2026-03-15,Likupang,36
2026-03-22,Likupang,52
2026-03-29,Likupang,21
2026-04-05,Likupang,54
2026-04-12,Likupang,41
2026-04-19,Likupang,47
2026-04-26,Likupang,35
2026-05-03,Likupang,37
2026-05-10,Likupang,31
2026-05-17,Likupang,49
2026-05-24,Likupang,47
2026-05-31,Likupang,50
2023-01-01,Danau Toba,8
2023-01-08,Danau Toba,9
2023-01-15,Danau Toba,9
2023-01-22,Danau Toba,8
2023-01-29,Danau Toba,9
2023-02-05,Danau Toba,9
2023-02-12,Danau Toba,9
2023-02-19,Danau Toba,15
2023-02-26,Danau Toba,12
2023-03-05,Danau Toba,7
2023-03-12,Danau Toba,7
2023-03-19,Danau Toba,5
2023-03-26,Danau Toba,6
2023-04-02,Danau Toba,6
2023-04-09,Danau Toba,6
2023-04-16,Danau Toba,5
2023-04-23,Danau Toba,9
2023-04-30,Danau Toba,7
2023-05-07,Danau Toba,8
2023-05-14,Danau Toba,7
2023-05-21,Danau Toba,7
2023-05-28,Danau Toba,7
2023-06-04,Danau Toba,5
2023-06-11,Danau Toba,5
2023-06-18,Danau Toba,5
2023-06-25,Danau Toba,5
2023-07-02,Danau Toba,5
2023-07-09,Danau Toba,4
2023-07-16,Danau Toba,4
2023-07-23,Danau Toba,6
2023-07-30,Danau Toba,6
2023-08-06,Danau Toba,7
2023-08-13,Danau Toba,7
2023-08-20,Danau Toba,8
2023-08-27,Danau Toba,100
2023-09-03,Danau Toba,12
2023-09-10,Danau Toba,8
2023-09-17,Danau Toba,7
2023-09-24,Danau Toba,7
2023-10-01,Danau Toba,7
2023-10-08,Danau Toba,7
2023-10-15,Danau Toba,7
2023-10-22,Danau Toba,6
2023-10-29,Danau Toba,6
2023-11-05,Danau Toba,6
2023-11-12,Danau Toba,7
2023-11-19,Danau Toba,8
2023-11-26,Danau Toba,6
2023-12-03,Danau Toba,7
2023-12-10,Danau Toba,6
2023-12-17,Danau Toba,5
2023-12-24,Danau Toba,7
2023-12-31,Danau Toba,8
2024-01-07,Danau Toba,7
2024-01-14,Danau Toba,7
2024-01-21,Danau Toba,7
2024-01-28,Danau Toba,7
2024-02-04,Danau Toba,6
2024-02-11,Danau Toba,5
2024-02-18,Danau Toba,6
2024-02-25,Danau Toba,6
2024-03-03,Danau Toba,6
2024-03-10,Danau Toba,4
2024-03-17,Danau Toba,5
2024-03-24,Danau Toba,4
2024-03-31,Danau Toba,4
2024-04-07,Danau Toba,7
2024-04-14,Danau Toba,7
2024-04-21,Danau Toba,6
2024-04-28,Danau Toba,5
2024-05-05,Danau Toba,6
2024-05-12,Danau Toba,6
2024-05-19,Danau Toba,6
2024-05-26,Danau Toba,5
2024-06-02,Danau Toba,5
2024-06-09,Danau Toba,4
2024-06-16,Danau Toba,5
2024-06-23,Danau Toba,5
2024-06-30,Danau Toba,5
2024-07-07,Danau Toba,5
2024-07-14,Danau Toba,4
2024-07-21,Danau Toba,6
2024-07-28,Danau Toba,7
2024-08-04,Danau Toba,7
2024-08-11,Danau Toba,5
2024-08-18,Danau Toba,7
2024-08-25,Danau Toba,7
2024-09-01,Danau Toba,7
2024-09-08,Danau Toba,7
2024-09-15,Danau Toba,6
2024-09-22,Danau Toba,6
2024-09-29,Danau Toba,6
2024-10-06,Danau Toba,6
2024-10-13,Danau Toba,6
2024-10-20,Danau Toba,5
2024-10-27,Danau Toba,5
2024-11-03,Danau Toba,6
2024-11-10,Danau Toba,7
2024-11-17,Danau Toba,5
2024-11-24,Danau Toba,4
2024-12-01,Danau Toba,5
2024-12-08,Danau Toba,4
2024-12-15,Danau Toba,4
2024-12-22,Danau Toba,5
2024-12-29,Danau Toba,6
2025-01-05,Danau Toba,6
2025-01-12,Danau Toba,7
2025-01-19,Danau Toba,6
2025-01-26,Danau Toba,6
2025-02-02,Danau Toba,6
2025-02-09,Danau Toba,6
2025-02-16,Danau Toba,5
2025-02-23,Danau Toba,4
2025-03-02,Danau Toba,4
2025-03-09,Danau Toba,4
2025-03-16,Danau Toba,5
2025-03-23,Danau Toba,3
2025-03-30,Danau Toba,7
2025-04-06,Danau Toba,5
2025-04-13,Danau Toba,7
2025-04-20,Danau Toba,5
2025-04-27,Danau Toba,5
2025-05-04,Danau Toba,5
2025-05-11,Danau Toba,5
2025-05-18,Danau Toba,5
2025-05-25,Danau Toba,5
2025-06-01,Danau Toba,4
2025-06-08,Danau Toba,4
2025-06-15,Danau Toba,3
2025-06-22,Danau Toba,3
2025-06-29,Danau Toba,4
2025-07-06,Danau Toba,3
2025-07-13,Danau Toba,4
2025-07-20,Danau Toba,5
2025-07-27,Danau Toba,6
2025-08-03,Danau Toba,5
2025-08-10,Danau Toba,4
2025-08-17,Danau Toba,4
2025-08-24,Danau Toba,5
2025-08-31,Danau Toba,4
2025-09-07,Danau Toba,5
2025-09-14,Danau Toba,4
2025-09-21,Danau Toba,5
2025-09-28,Danau Toba,4
2025-10-05,Danau Toba,5
2025-10-12,Danau Toba,5
2025-10-19,Danau Toba,4
2025-10-26,Danau Toba,5
2025-11-02,Danau Toba,5
2025-11-09,Danau Toba,4
2025-11-16,Danau Toba,4
2025-11-23,Danau Toba,4
2025-11-30,Danau Toba,4
2025-12-07,Danau Toba,3
2025-12-14,Danau Toba,3
2025-12-21,Danau Toba,3
2025-12-28,Danau Toba,4
2026-01-04,Danau Toba,4
2026-01-11,Danau Toba,4
2026-01-18,Danau Toba,4
2026-01-25,Danau Toba,4
2026-02-01,Danau Toba,4
2026-02-08,Danau Toba,4
2026-02-15,Danau Toba,3
2026-02-22,Danau Toba,4
2026-03-01,Danau Toba,3
2026-03-08,Danau Toba,3
2026-03-15,Danau Toba,4
2026-03-22,Danau Toba,7
2026-03-29,Danau Toba,5
2026-04-05,Danau Toba,4
2026-04-12,Danau Toba,5
2026-04-19,Danau Toba,5
2026-04-26,Danau Toba,4
2026-05-03,Danau Toba,4
2026-05-10,Danau Toba,4
2026-05-17,Danau Toba,5
2026-05-24,Danau Toba,4
2026-05-31,Danau Toba,4
2023-01-01,Candi Borobudur,44
2023-01-08,Candi Borobudur,53
2023-01-15,Candi Borobudur,64
2023-01-22,Candi Borobudur,62
2023-01-29,Candi Borobudur,71
2023-02-05,Candi Borobudur,73
2023-02-12,Candi Borobudur,65
2023-02-19,Candi Borobudur,72
2023-02-26,Candi Borobudur,78
2023-03-05,Candi Borobudur,82
2023-03-12,Candi Borobudur,76
2023-03-19,Candi Borobudur,63
2023-03-26,Candi Borobudur,59
2023-04-02,Candi Borobudur,53
2023-04-09,Candi Borobudur,69
2023-04-16,Candi Borobudur,59
2023-04-23,Candi Borobudur,61
2023-04-30,Candi Borobudur,65
2023-05-07,Candi Borobudur,100
2023-05-14,Candi Borobudur,83
2023-05-21,Candi Borobudur,83
2023-05-28,Candi Borobudur,90
2023-06-04,Candi Borobudur,100
2023-06-11,Candi Borobudur,50
2023-06-18,Candi Borobudur,42
2023-06-25,Candi Borobudur,40
2023-07-02,Candi Borobudur,34
2023-07-09,Candi Borobudur,29
2023-07-16,Candi Borobudur,28
2023-07-23,Candi Borobudur,42
2023-07-30,Candi Borobudur,46
2023-08-06,Candi Borobudur,47
2023-08-13,Candi Borobudur,40
2023-08-20,Candi Borobudur,52
2023-08-27,Candi Borobudur,54
2023-09-03,Candi Borobudur,60
2023-09-10,Candi Borobudur,50
2023-09-17,Candi Borobudur,51
2023-09-24,Candi Borobudur,44
2023-10-01,Candi Borobudur,47
2023-10-08,Candi Borobudur,47
2023-10-15,Candi Borobudur,42
2023-10-22,Candi Borobudur,42
2023-10-29,Candi Borobudur,41
2023-11-05,Candi Borobudur,40
2023-11-12,Candi Borobudur,41
2023-11-19,Candi Borobudur,41
2023-11-26,Candi Borobudur,49
2023-12-03,Candi Borobudur,58
2023-12-10,Candi Borobudur,43
2023-12-17,Candi Borobudur,37
2023-12-24,Candi Borobudur,35
2023-12-31,Candi Borobudur,34
2024-01-07,Candi Borobudur,43
2024-01-14,Candi Borobudur,50
2024-01-21,Candi Borobudur,54
2024-01-28,Candi Borobudur,58
2024-02-04,Candi Borobudur,49
2024-02-11,Candi Borobudur,49
2024-02-18,Candi Borobudur,61
2024-02-25,Candi Borobudur,60
2024-03-03,Candi Borobudur,72
2024-03-10,Candi Borobudur,31
2024-03-17,Candi Borobudur,61
2024-03-24,Candi Borobudur,43
2024-03-31,Candi Borobudur,32
2024-04-07,Candi Borobudur,29
2024-04-14,Candi Borobudur,38
2024-04-21,Candi Borobudur,51
2024-04-28,Candi Borobudur,44
2024-05-05,Candi Borobudur,47
2024-05-12,Candi Borobudur,61
2024-05-19,Candi Borobudur,63
2024-05-26,Candi Borobudur,67
2024-06-02,Candi Borobudur,83
2024-06-09,Candi Borobudur,48
2024-06-16,Candi Borobudur,23
2024-06-23,Candi Borobudur,22
2024-06-30,Candi Borobudur,26
2024-07-07,Candi Borobudur,22
2024-07-14,Candi Borobudur,25
2024-07-21,Candi Borobudur,30
2024-07-28,Candi Borobudur,34
2024-08-04,Candi Borobudur,37
2024-08-11,Candi Borobudur,30
2024-08-18,Candi Borobudur,35
2024-08-25,Candi Borobudur,36
2024-09-01,Candi Borobudur,35
2024-09-08,Candi Borobudur,42
2024-09-15,Candi Borobudur,35
2024-09-22,Candi Borobudur,42
2024-09-29,Candi Borobudur,38
2024-10-06,Candi Borobudur,43
2024-10-13,Candi Borobudur,35
2024-10-20,Candi Borobudur,37
2024-10-27,Candi Borobudur,35
2024-11-03,Candi Borobudur,33
2024-11-10,Candi Borobudur,37
2024-11-17,Candi Borobudur,38
2024-11-24,Candi Borobudur,43
2024-12-01,Candi Borobudur,65
2024-12-08,Candi Borobudur,41
2024-12-15,Candi Borobudur,29
2024-12-22,Candi Borobudur,27
2024-12-29,Candi Borobudur,24
2025-01-05,Candi Borobudur,35
2025-01-12,Candi Borobudur,40
2025-01-19,Candi Borobudur,43
2025-01-26,Candi Borobudur,33
2025-02-02,Candi Borobudur,46
2025-02-09,Candi Borobudur,46
2025-02-16,Candi Borobudur,48
2025-02-23,Candi Borobudur,34
2025-03-02,Candi Borobudur,27
2025-03-09,Candi Borobudur,52
2025-03-16,Candi Borobudur,36
2025-03-23,Candi Borobudur,16
2025-03-30,Candi Borobudur,27
2025-04-06,Candi Borobudur,32
2025-04-13,Candi Borobudur,68
2025-04-20,Candi Borobudur,45
2025-04-27,Candi Borobudur,41
2025-05-04,Candi Borobudur,52
2025-05-11,Candi Borobudur,47
2025-05-18,Candi Borobudur,49
2025-05-25,Candi Borobudur,57
2025-06-01,Candi Borobudur,55
2025-06-08,Candi Borobudur,46
2025-06-15,Candi Borobudur,25
2025-06-22,Candi Borobudur,22
2025-06-29,Candi Borobudur,21
2025-07-06,Candi Borobudur,18
2025-07-13,Candi Borobudur,18
2025-07-20,Candi Borobudur,25
2025-07-27,Candi Borobudur,27
2025-08-03,Candi Borobudur,27
2025-08-10,Candi Borobudur,24
2025-08-17,Candi Borobudur,24
2025-08-24,Candi Borobudur,30
2025-08-31,Candi Borobudur,28
2025-09-07,Candi Borobudur,29
2025-09-14,Candi Borobudur,32
2025-09-21,Candi Borobudur,30
2025-09-28,Candi Borobudur,31
2025-10-05,Candi Borobudur,29
2025-10-12,Candi Borobudur,30
2025-10-19,Candi Borobudur,28
2025-10-26,Candi Borobudur,28
2025-11-02,Candi Borobudur,26
2025-11-09,Candi Borobudur,28
2025-11-16,Candi Borobudur,30
2025-11-23,Candi Borobudur,29
2025-11-30,Candi Borobudur,36
2025-12-07,Candi Borobudur,28
2025-12-14,Candi Borobudur,19
2025-12-21,Candi Borobudur,20
2025-12-28,Candi Borobudur,21
2026-01-04,Candi Borobudur,23
2026-01-11,Candi Borobudur,25
2026-01-18,Candi Borobudur,29
2026-01-25,Candi Borobudur,31
2026-02-01,Candi Borobudur,30
2026-02-08,Candi Borobudur,30
2026-02-15,Candi Borobudur,15
2026-02-22,Candi Borobudur,28
2026-03-01,Candi Borobudur,30
2026-03-08,Candi Borobudur,26
2026-03-15,Candi Borobudur,14
2026-03-22,Candi Borobudur,23
2026-03-29,Candi Borobudur,25
2026-04-05,Candi Borobudur,32
2026-04-12,Candi Borobudur,32
2026-04-19,Candi Borobudur,27
2026-04-26,Candi Borobudur,26
2026-05-03,Candi Borobudur,33
2026-05-10,Candi Borobudur,28
2026-05-17,Candi Borobudur,34
2026-05-24,Candi Borobudur,29
2026-05-31,Candi Borobudur,48
2023-01-01,Belitung,76
2023-01-08,Belitung,84
2023-01-15,Belitung,89
2023-01-22,Belitung,89
2023-01-29,Belitung,84
2023-02-05,Belitung,81
2023-02-12,Belitung,85
2023-02-19,Belitung,83
2023-02-26,Belitung,84
2023-03-05,Belitung,86
2023-03-12,Belitung,77
2023-03-19,Belitung,85
2023-03-26,Belitung,77
2023-04-02,Belitung,74
2023-04-09,Belitung,74
2023-04-16,Belitung,65
2023-04-23,Belitung,74
2023-04-30,Belitung,79
2023-05-07,Belitung,75
2023-05-14,Belitung,77
2023-05-21,Belitung,79
2023-05-28,Belitung,77
2023-06-04,Belitung,74
2023-06-11,Belitung,79
2023-06-18,Belitung,92
2023-06-25,Belitung,75
2023-07-02,Belitung,75
2023-07-09,Belitung,73
2023-07-16,Belitung,70
2023-07-23,Belitung,70
2023-07-30,Belitung,71
2023-08-06,Belitung,77
2023-08-13,Belitung,71
2023-08-20,Belitung,73
2023-08-27,Belitung,74
2023-09-03,Belitung,72
2023-09-10,Belitung,69
2023-09-17,Belitung,73
2023-09-24,Belitung,67
2023-10-01,Belitung,71
2023-10-08,Belitung,67
2023-10-15,Belitung,73
2023-10-22,Belitung,73
2023-10-29,Belitung,71
2023-11-05,Belitung,76
2023-11-12,Belitung,75
2023-11-19,Belitung,74
2023-11-26,Belitung,69
2023-12-03,Belitung,73
2023-12-10,Belitung,76
2023-12-17,Belitung,80
2023-12-24,Belitung,72
2023-12-31,Belitung,70
2024-01-07,Belitung,82
2024-01-14,Belitung,89
2024-01-21,Belitung,84
2024-01-28,Belitung,82
2024-02-04,Belitung,73
2024-02-11,Belitung,87
2024-02-18,Belitung,83
2024-02-25,Belitung,73
2024-03-03,Belitung,73
2024-03-10,Belitung,73
2024-03-17,Belitung,70
2024-03-24,Belitung,82
2024-03-31,Belitung,82
2024-04-07,Belitung,62
2024-04-14,Belitung,65
2024-04-21,Belitung,71
2024-04-28,Belitung,66
2024-05-05,Belitung,69
2024-05-12,Belitung,73
2024-05-19,Belitung,71
2024-05-26,Belitung,71
2024-06-02,Belitung,68
2024-06-09,Belitung,66
2024-06-16,Belitung,64
2024-06-23,Belitung,75
2024-06-30,Belitung,69
2024-07-07,Belitung,66
2024-07-14,Belitung,72
2024-07-21,Belitung,75
2024-07-28,Belitung,72
2024-08-04,Belitung,75
2024-08-11,Belitung,74
2024-08-18,Belitung,77
2024-08-25,Belitung,77
2024-09-01,Belitung,71
2024-09-08,Belitung,74
2024-09-15,Belitung,75
2024-09-22,Belitung,69
2024-09-29,Belitung,69
2024-10-06,Belitung,70
2024-10-13,Belitung,68
2024-10-20,Belitung,72
2024-10-27,Belitung,71
2024-11-03,Belitung,72
2024-11-10,Belitung,70
2024-11-17,Belitung,75
2024-11-24,Belitung,96
2024-12-01,Belitung,71
2024-12-08,Belitung,69
2024-12-15,Belitung,65
2024-12-22,Belitung,65
2024-12-29,Belitung,67
2025-01-05,Belitung,77
2025-01-12,Belitung,100
2025-01-19,Belitung,93
2025-01-26,Belitung,69
2025-02-02,Belitung,83
2025-02-09,Belitung,80
2025-02-16,Belitung,79
2025-02-23,Belitung,71
2025-03-02,Belitung,62
2025-03-09,Belitung,65
2025-03-16,Belitung,62
2025-03-23,Belitung,58
2025-03-30,Belitung,53
2025-04-06,Belitung,66
2025-04-13,Belitung,69
2025-04-20,Belitung,65
2025-04-27,Belitung,65
2025-05-04,Belitung,64
2025-05-11,Belitung,62
2025-05-18,Belitung,65
2025-05-25,Belitung,64
2025-06-01,Belitung,65
2025-06-08,Belitung,65
2025-06-15,Belitung,66
2025-06-22,Belitung,72
2025-06-29,Belitung,67
2025-07-06,Belitung,62
2025-07-13,Belitung,63
2025-07-20,Belitung,62
2025-07-27,Belitung,64
2025-08-03,Belitung,65
2025-08-10,Belitung,62
2025-08-17,Belitung,62
2025-08-24,Belitung,62
2025-08-31,Belitung,59
2025-09-07,Belitung,58
2025-09-14,Belitung,59
2025-09-21,Belitung,58
2025-09-28,Belitung,61
2025-10-05,Belitung,65
2025-10-12,Belitung,62
2025-10-19,Belitung,61
2025-10-26,Belitung,60
2025-11-02,Belitung,59
2025-11-09,Belitung,60
2025-11-16,Belitung,64
2025-11-23,Belitung,60
2025-11-30,Belitung,64
2025-12-07,Belitung,61
2025-12-14,Belitung,59
2025-12-21,Belitung,59
2025-12-28,Belitung,52
2026-01-04,Belitung,68
2026-01-11,Belitung,73
2026-01-18,Belitung,74
2026-01-25,Belitung,72
2026-02-01,Belitung,73
2026-02-08,Belitung,69
2026-02-15,Belitung,61
2026-02-22,Belitung,67
2026-03-01,Belitung,60
2026-03-08,Belitung,61
2026-03-15,Belitung,54
2026-03-22,Belitung,64
2026-03-29,Belitung,66
2026-04-05,Belitung,68
2026-04-12,Belitung,64
2026-04-19,Belitung,62
2026-04-26,Belitung,59
2026-05-03,Belitung,62
2026-05-10,Belitung,60
2026-05-17,Belitung,61
2026-05-24,Belitung,58
2026-05-31,Belitung,57
2023-01-01,Wakatobi,45
2023-01-08,Wakatobi,56
2023-01-15,Wakatobi,44
2023-01-22,Wakatobi,52
2023-01-29,Wakatobi,47
2023-02-05,Wakatobi,55
2023-02-12,Wakatobi,54
2023-02-19,Wakatobi,58
2023-02-26,Wakatobi,56
2023-03-05,Wakatobi,60
2023-03-12,Wakatobi,60
2023-03-19,Wakatobi,52
2023-03-26,Wakatobi,50
2023-04-02,Wakatobi,50
2023-04-09,Wakatobi,48
2023-04-16,Wakatobi,36
2023-04-23,Wakatobi,47
2023-04-30,Wakatobi,56
2023-05-07,Wakatobi,47
2023-05-14,Wakatobi,46
2023-05-21,Wakatobi,50
2023-05-28,Wakatobi,40
2023-06-04,Wakatobi,47
2023-06-11,Wakatobi,47
2023-06-18,Wakatobi,40
2023-06-25,Wakatobi,35
2023-07-02,Wakatobi,36
2023-07-09,Wakatobi,34
2023-07-16,Wakatobi,38
2023-07-23,Wakatobi,43
2023-07-30,Wakatobi,41
2023-08-06,Wakatobi,51
2023-08-13,Wakatobi,45
2023-08-20,Wakatobi,52
2023-08-27,Wakatobi,52
2023-09-03,Wakatobi,40
2023-09-10,Wakatobi,52
2023-09-17,Wakatobi,46
2023-09-24,Wakatobi,42
2023-10-01,Wakatobi,41
2023-10-08,Wakatobi,37
2023-10-15,Wakatobi,39
2023-10-22,Wakatobi,38
2023-10-29,Wakatobi,42
2023-11-05,Wakatobi,46
2023-11-12,Wakatobi,45
2023-11-19,Wakatobi,50
2023-11-26,Wakatobi,52
2023-12-03,Wakatobi,52
2023-12-10,Wakatobi,51
2023-12-17,Wakatobi,44
2023-12-24,Wakatobi,49
2023-12-31,Wakatobi,37
2024-01-07,Wakatobi,42
2024-01-14,Wakatobi,41
2024-01-21,Wakatobi,47
2024-01-28,Wakatobi,46
2024-02-04,Wakatobi,38
2024-02-11,Wakatobi,42
2024-02-18,Wakatobi,42
2024-02-25,Wakatobi,60
2024-03-03,Wakatobi,54
2024-03-10,Wakatobi,46
2024-03-17,Wakatobi,48
2024-03-24,Wakatobi,42
2024-03-31,Wakatobi,30
2024-04-07,Wakatobi,36
2024-04-14,Wakatobi,41
2024-04-21,Wakatobi,39
2024-04-28,Wakatobi,46
2024-05-05,Wakatobi,44
2024-05-12,Wakatobi,43
2024-05-19,Wakatobi,46
2024-05-26,Wakatobi,54
2024-06-02,Wakatobi,49
2024-06-09,Wakatobi,83
2024-06-16,Wakatobi,68
2024-06-23,Wakatobi,63
2024-06-30,Wakatobi,94
2024-07-07,Wakatobi,44
2024-07-14,Wakatobi,46
2024-07-21,Wakatobi,54
2024-07-28,Wakatobi,46
2024-08-04,Wakatobi,43
2024-08-11,Wakatobi,44
2024-08-18,Wakatobi,67
2024-08-25,Wakatobi,78
2024-09-01,Wakatobi,100
2024-09-08,Wakatobi,61
2024-09-15,Wakatobi,60
2024-09-22,Wakatobi,56
2024-09-29,Wakatobi,60
2024-10-06,Wakatobi,49
2024-10-13,Wakatobi,53
2024-10-20,Wakatobi,48
2024-10-27,Wakatobi,51
2024-11-03,Wakatobi,59
2024-11-10,Wakatobi,69
2024-11-17,Wakatobi,54
2024-11-24,Wakatobi,79
2024-12-01,Wakatobi,52
2024-12-08,Wakatobi,48
2024-12-15,Wakatobi,43
2024-12-22,Wakatobi,37
2024-12-29,Wakatobi,38
2025-01-05,Wakatobi,46
2025-01-12,Wakatobi,41
2025-01-19,Wakatobi,47
2025-01-26,Wakatobi,44
2025-02-02,Wakatobi,49
2025-02-09,Wakatobi,43
2025-02-16,Wakatobi,50
2025-02-23,Wakatobi,39
2025-03-02,Wakatobi,32
2025-03-09,Wakatobi,49
2025-03-16,Wakatobi,47
2025-03-23,Wakatobi,38
2025-03-30,Wakatobi,36
2025-04-06,Wakatobi,45
2025-04-13,Wakatobi,50
2025-04-20,Wakatobi,50
2025-04-27,Wakatobi,45
2025-05-04,Wakatobi,43
2025-05-11,Wakatobi,51
2025-05-18,Wakatobi,52
2025-05-25,Wakatobi,40
2025-06-01,Wakatobi,41
2025-06-08,Wakatobi,47
2025-06-15,Wakatobi,60
2025-06-22,Wakatobi,43
2025-06-29,Wakatobi,40
2025-07-06,Wakatobi,41
2025-07-13,Wakatobi,47
2025-07-20,Wakatobi,42
2025-07-27,Wakatobi,52
2025-08-03,Wakatobi,50
2025-08-10,Wakatobi,37
2025-08-17,Wakatobi,50
2025-08-24,Wakatobi,45
2025-08-31,Wakatobi,46
2025-09-07,Wakatobi,71
2025-09-14,Wakatobi,58
2025-09-21,Wakatobi,46
2025-09-28,Wakatobi,46
2025-10-05,Wakatobi,52
2025-10-12,Wakatobi,41
2025-10-19,Wakatobi,46
2025-10-26,Wakatobi,46
2025-11-02,Wakatobi,44
2025-11-09,Wakatobi,46
2025-11-16,Wakatobi,42
2025-11-23,Wakatobi,50
2025-11-30,Wakatobi,42
2025-12-07,Wakatobi,41
2025-12-14,Wakatobi,44
2025-12-21,Wakatobi,37
2025-12-28,Wakatobi,31
2026-01-04,Wakatobi,35
2026-01-11,Wakatobi,36
2026-01-18,Wakatobi,39
2026-01-25,Wakatobi,38
2026-02-01,Wakatobi,42
2026-02-08,Wakatobi,33
2026-02-15,Wakatobi,34
2026-02-22,Wakatobi,37
2026-03-01,Wakatobi,35
2026-03-08,Wakatobi,35
2026-03-15,Wakatobi,29
2026-03-22,Wakatobi,40
2026-03-29,Wakatobi,38
2026-04-05,Wakatobi,37
2026-04-12,Wakatobi,40
2026-04-19,Wakatobi,41
2026-04-26,Wakatobi,37
2026-05-03,Wakatobi,39
2026-05-10,Wakatobi,38
2026-05-17,Wakatobi,35
2026-05-24,Wakatobi,32
2026-05-31,Wakatobi,30
2023-01-01,Gunung Bromo,19
2023-01-08,Gunung Bromo,22
2023-01-15,Gunung Bromo,22
2023-01-22,Gunung Bromo,20
2023-01-29,Gunung Bromo,23
2023-02-05,Gunung Bromo,22
2023-02-12,Gunung Bromo,22
2023-02-19,Gunung Bromo,23
2023-02-26,Gunung Bromo,22
2023-03-05,Gunung Bromo,23
2023-03-12,Gunung Bromo,20
2023-03-19,Gunung Bromo,13
2023-03-26,Gunung Bromo,15
2023-04-02,Gunung Bromo,13
2023-04-09,Gunung Bromo,15
2023-04-16,Gunung Bromo,13
2023-04-23,Gunung Bromo,23
2023-04-30,Gunung Bromo,24
2023-05-07,Gunung Bromo,22
2023-05-14,Gunung Bromo,23
2023-05-21,Gunung Bromo,24
2023-05-28,Gunung Bromo,24
2023-06-04,Gunung Bromo,26
2023-06-11,Gunung Bromo,22
2023-06-18,Gunung Bromo,19
2023-06-25,Gunung Bromo,24
2023-07-02,Gunung Bromo,23
2023-07-09,Gunung Bromo,21
2023-07-16,Gunung Bromo,21
2023-07-23,Gunung Bromo,22
2023-07-30,Gunung Bromo,23
2023-08-06,Gunung Bromo,25
2023-08-13,Gunung Bromo,21
2023-08-20,Gunung Bromo,23
2023-08-27,Gunung Bromo,26
2023-09-03,Gunung Bromo,58
2023-09-10,Gunung Bromo,100
2023-09-17,Gunung Bromo,55
2023-09-24,Gunung Bromo,28
2023-10-01,Gunung Bromo,29
2023-10-08,Gunung Bromo,25
2023-10-15,Gunung Bromo,24
2023-10-22,Gunung Bromo,21
2023-10-29,Gunung Bromo,19
2023-11-05,Gunung Bromo,19
2023-11-12,Gunung Bromo,22
2023-11-19,Gunung Bromo,23
2023-11-26,Gunung Bromo,20
2023-12-03,Gunung Bromo,38
2023-12-10,Gunung Bromo,30
2023-12-17,Gunung Bromo,28
2023-12-24,Gunung Bromo,31
2023-12-31,Gunung Bromo,24
2024-01-07,Gunung Bromo,23
2024-01-14,Gunung Bromo,24
2024-01-21,Gunung Bromo,24
2024-01-28,Gunung Bromo,23
2024-02-04,Gunung Bromo,21
2024-02-11,Gunung Bromo,18
2024-02-18,Gunung Bromo,23
2024-02-25,Gunung Bromo,20
2024-03-03,Gunung Bromo,19
2024-03-10,Gunung Bromo,13
2024-03-17,Gunung Bromo,18
2024-03-24,Gunung Bromo,14
2024-03-31,Gunung Bromo,12
2024-04-07,Gunung Bromo,15
2024-04-14,Gunung Bromo,22
2024-04-21,Gunung Bromo,22
2024-04-28,Gunung Bromo,19
2024-05-05,Gunung Bromo,25
2024-05-12,Gunung Bromo,21
2024-05-19,Gunung Bromo,24
2024-05-26,Gunung Bromo,23
2024-06-02,Gunung Bromo,21
2024-06-09,Gunung Bromo,17
2024-06-16,Gunung Bromo,21
2024-06-23,Gunung Bromo,21
2024-06-30,Gunung Bromo,18
2024-07-07,Gunung Bromo,19
2024-07-14,Gunung Bromo,22
2024-07-21,Gunung Bromo,22
2024-07-28,Gunung Bromo,23
2024-08-04,Gunung Bromo,24
2024-08-11,Gunung Bromo,22
2024-08-18,Gunung Bromo,22
2024-08-25,Gunung Bromo,23
2024-09-01,Gunung Bromo,22
2024-09-08,Gunung Bromo,22
2024-09-15,Gunung Bromo,21
2024-09-22,Gunung Bromo,21
2024-09-29,Gunung Bromo,19
2024-10-06,Gunung Bromo,18
2024-10-13,Gunung Bromo,18
2024-10-20,Gunung Bromo,17
2024-10-27,Gunung Bromo,16
2024-11-03,Gunung Bromo,17
2024-11-10,Gunung Bromo,18
2024-11-17,Gunung Bromo,18
2024-11-24,Gunung Bromo,18
2024-12-01,Gunung Bromo,23
2024-12-08,Gunung Bromo,17
2024-12-15,Gunung Bromo,15
2024-12-22,Gunung Bromo,18
2024-12-29,Gunung Bromo,17
2025-01-05,Gunung Bromo,19
2025-01-12,Gunung Bromo,19
2025-01-19,Gunung Bromo,20
2025-01-26,Gunung Bromo,23
2025-02-02,Gunung Bromo,19
2025-02-09,Gunung Bromo,22
2025-02-16,Gunung Bromo,21
2025-02-23,Gunung Bromo,14
2025-03-02,Gunung Bromo,12
2025-03-09,Gunung Bromo,13
2025-03-16,Gunung Bromo,30
2025-03-23,Gunung Bromo,11
2025-03-30,Gunung Bromo,14
2025-04-06,Gunung Bromo,17
2025-04-13,Gunung Bromo,17
2025-04-20,Gunung Bromo,19
2025-04-27,Gunung Bromo,18
2025-05-04,Gunung Bromo,18
2025-05-11,Gunung Bromo,18
2025-05-18,Gunung Bromo,17
2025-05-25,Gunung Bromo,16
2025-06-01,Gunung Bromo,16
2025-06-08,Gunung Bromo,13
2025-06-15,Gunung Bromo,12
2025-06-22,Gunung Bromo,15
2025-06-29,Gunung Bromo,17
2025-07-06,Gunung Bromo,18
2025-07-13,Gunung Bromo,15
2025-07-20,Gunung Bromo,19
2025-07-27,Gunung Bromo,18
2025-08-03,Gunung Bromo,18
2025-08-10,Gunung Bromo,25
2025-08-17,Gunung Bromo,15
2025-08-24,Gunung Bromo,18
2025-08-31,Gunung Bromo,17
2025-09-07,Gunung Bromo,19
2025-09-14,Gunung Bromo,20
2025-09-21,Gunung Bromo,16
2025-09-28,Gunung Bromo,16
2025-10-05,Gunung Bromo,15
2025-10-12,Gunung Bromo,15
2025-10-19,Gunung Bromo,15
2025-10-26,Gunung Bromo,12
2025-11-02,Gunung Bromo,13
2025-11-09,Gunung Bromo,15
2025-11-16,Gunung Bromo,26
2025-11-23,Gunung Bromo,16
2025-11-30,Gunung Bromo,15
2025-12-07,Gunung Bromo,13
2025-12-14,Gunung Bromo,11
2025-12-21,Gunung Bromo,11
2025-12-28,Gunung Bromo,16
2026-01-04,Gunung Bromo,12
2026-01-11,Gunung Bromo,15
2026-01-18,Gunung Bromo,14
2026-01-25,Gunung Bromo,14
2026-02-01,Gunung Bromo,14
2026-02-08,Gunung Bromo,13
2026-02-15,Gunung Bromo,9
2026-02-22,Gunung Bromo,10
2026-03-01,Gunung Bromo,11
2026-03-08,Gunung Bromo,9
2026-03-15,Gunung Bromo,8
2026-03-22,Gunung Bromo,14
2026-03-29,Gunung Bromo,16
2026-04-05,Gunung Bromo,17
2026-04-12,Gunung Bromo,19
2026-04-19,Gunung Bromo,14
2026-04-26,Gunung Bromo,14
2026-05-03,Gunung Bromo,15
2026-05-10,Gunung Bromo,14
2026-05-17,Gunung Bromo,13
2026-05-24,Gunung Bromo,23
2026-05-31,Gunung Bromo,16
2023-01-01,Raja Ampat,5
2023-01-08,Raja Ampat,5
2023-01-15,Raja Ampat,6
2023-01-22,Raja Ampat,6
2023-01-29,Raja Ampat,7
2023-02-05,Raja Ampat,7
2023-02-12,Raja Ampat,6
2023-02-19,Raja Ampat,7
2023-02-26,Raja Ampat,6
2023-03-05,Raja Ampat,6
2023-03-12,Raja Ampat,5
2023-03-19,Raja Ampat,4
2023-03-26,Raja Ampat,5
2023-04-02,Raja Ampat,5
2023-04-09,Raja Ampat,4
2023-04-16,Raja Ampat,4
2023-04-23,Raja Ampat,5
2023-04-30,Raja Ampat,5
2023-05-07,Raja Ampat,5
2023-05-14,Raja Ampat,5
2023-05-21,Raja Ampat,5
2023-05-28,Raja Ampat,5
2023-06-04,Raja Ampat,6
2023-06-11,Raja Ampat,5
2023-06-18,Raja Ampat,4
2023-06-25,Raja Ampat,4
2023-07-02,Raja Ampat,4
2023-07-09,Raja Ampat,3
2023-07-16,Raja Ampat,4
2023-07-23,Raja Ampat,4
2023-07-30,Raja Ampat,5
2023-08-06,Raja Ampat,5
2023-08-13,Raja Ampat,4
2023-08-20,Raja Ampat,5
2023-08-27,Raja Ampat,5
2023-09-03,Raja Ampat,5
2023-09-10,Raja Ampat,4
2023-09-17,Raja Ampat,5
2023-09-24,Raja Ampat,4
2023-10-01,Raja Ampat,5
2023-10-08,Raja Ampat,4
2023-10-15,Raja Ampat,5
2023-10-22,Raja Ampat,4
2023-10-29,Raja Ampat,4
2023-11-05,Raja Ampat,4
2023-11-12,Raja Ampat,4
2023-11-19,Raja Ampat,5
2023-11-26,Raja Ampat,4
2023-12-03,Raja Ampat,5
2023-12-10,Raja Ampat,4
2023-12-17,Raja Ampat,4
2023-12-24,Raja Ampat,4
2023-12-31,Raja Ampat,5
2024-01-07,Raja Ampat,5
2024-01-14,Raja Ampat,6
2024-01-21,Raja Ampat,6
2024-01-28,Raja Ampat,6
2024-02-04,Raja Ampat,6
2024-02-11,Raja Ampat,7
2024-02-18,Raja Ampat,8
2024-02-25,Raja Ampat,6
2024-03-03,Raja Ampat,6
2024-03-10,Raja Ampat,4
2024-03-17,Raja Ampat,5
2024-03-24,Raja Ampat,4
2024-03-31,Raja Ampat,4
2024-04-07,Raja Ampat,3
2024-04-14,Raja Ampat,5
2024-04-21,Raja Ampat,5
2024-04-28,Raja Ampat,4
2024-05-05,Raja Ampat,5
2024-05-12,Raja Ampat,5
2024-05-19,Raja Ampat,5
2024-05-26,Raja Ampat,5
2024-06-02,Raja Ampat,5
2024-06-09,Raja Ampat,4
2024-06-16,Raja Ampat,3
2024-06-23,Raja Ampat,4
2024-06-30,Raja Ampat,3
2024-07-07,Raja Ampat,4
2024-07-14,Raja Ampat,4
2024-07-21,Raja Ampat,5
2024-07-28,Raja Ampat,5
2024-08-04,Raja Ampat,5
2024-08-11,Raja Ampat,5
2024-08-18,Raja Ampat,5
2024-08-25,Raja Ampat,5
2024-09-01,Raja Ampat,5
2024-09-08,Raja Ampat,5
2024-09-15,Raja Ampat,6
2024-09-22,Raja Ampat,5
2024-09-29,Raja Ampat,5
2024-10-06,Raja Ampat,5
2024-10-13,Raja Ampat,5
2024-10-20,Raja Ampat,6
2024-10-27,Raja Ampat,4
2024-11-03,Raja Ampat,5
2024-11-10,Raja Ampat,4
2024-11-17,Raja Ampat,5
2024-11-24,Raja Ampat,5
2024-12-01,Raja Ampat,5
2024-12-08,Raja Ampat,5
2024-12-15,Raja Ampat,4
2024-12-22,Raja Ampat,4
2024-12-29,Raja Ampat,4
2025-01-05,Raja Ampat,4
2025-01-12,Raja Ampat,5
2025-01-19,Raja Ampat,5
2025-01-26,Raja Ampat,5
2025-02-02,Raja Ampat,6
2025-02-09,Raja Ampat,7
2025-02-16,Raja Ampat,6
2025-02-23,Raja Ampat,5
2025-03-02,Raja Ampat,4
2025-03-09,Raja Ampat,6
2025-03-16,Raja Ampat,4
2025-03-23,Raja Ampat,3
2025-03-30,Raja Ampat,3
2025-04-06,Raja Ampat,4
2025-04-13,Raja Ampat,5
2025-04-20,Raja Ampat,4
2025-04-27,Raja Ampat,4
2025-05-04,Raja Ampat,5
2025-05-11,Raja Ampat,5
2025-05-18,Raja Ampat,5
2025-05-25,Raja Ampat,4
2025-06-01,Raja Ampat,100
2025-06-08,Raja Ampat,82
2025-06-15,Raja Ampat,22
2025-06-22,Raja Ampat,12
2025-06-29,Raja Ampat,7
2025-07-06,Raja Ampat,6
2025-07-13,Raja Ampat,6
2025-07-20,Raja Ampat,6
2025-07-27,Raja Ampat,7
2025-08-03,Raja Ampat,7
2025-08-10,Raja Ampat,9
2025-08-17,Raja Ampat,6
2025-08-24,Raja Ampat,7
2025-08-31,Raja Ampat,6
2025-09-07,Raja Ampat,6
2025-09-14,Raja Ampat,7
2025-09-21,Raja Ampat,7
2025-09-28,Raja Ampat,6
2025-10-05,Raja Ampat,6
2025-10-12,Raja Ampat,5
2025-10-19,Raja Ampat,5
2025-10-26,Raja Ampat,5
2025-11-02,Raja Ampat,6
2025-11-09,Raja Ampat,5
2025-11-16,Raja Ampat,6
2025-11-23,Raja Ampat,5
2025-11-30,Raja Ampat,5
2025-12-07,Raja Ampat,5
2025-12-14,Raja Ampat,4
2025-12-21,Raja Ampat,4
2025-12-28,Raja Ampat,4
2026-01-04,Raja Ampat,5
2026-01-11,Raja Ampat,6
2026-01-18,Raja Ampat,5
2026-01-25,Raja Ampat,6
2026-02-01,Raja Ampat,6
2026-02-08,Raja Ampat,6
2026-02-15,Raja Ampat,4
2026-02-22,Raja Ampat,5
2026-03-01,Raja Ampat,5
2026-03-08,Raja Ampat,4
2026-03-15,Raja Ampat,3
2026-03-22,Raja Ampat,4
2026-03-29,Raja Ampat,5
2026-04-05,Raja Ampat,6
2026-04-12,Raja Ampat,5
2026-04-19,Raja Ampat,4
2026-04-26,Raja Ampat,4
2026-05-03,Raja Ampat,5
2026-05-10,Raja Ampat,4
2026-05-17,Raja Ampat,5
2026-05-24,Raja Ampat,4
2026-05-31,Raja Ampat,4
2023-01-01,Pulau Morotai,19
2023-01-08,Pulau Morotai,25
2023-01-15,Pulau Morotai,26
2023-01-22,Pulau Morotai,33
2023-01-29,Pulau Morotai,31
2023-02-05,Pulau Morotai,34
2023-02-12,Pulau Morotai,23
2023-02-19,Pulau Morotai,34
2023-02-26,Pulau Morotai,49
2023-03-05,Pulau Morotai,45
2023-03-12,Pulau Morotai,41
2023-03-19,Pulau Morotai,32
2023-03-26,Pulau Morotai,45
2023-04-02,Pulau Morotai,38
2023-04-09,Pulau Morotai,34
2023-04-16,Pulau Morotai,24
2023-04-23,Pulau Morotai,0
2023-04-30,Pulau Morotai,20
2023-05-07,Pulau Morotai,40
2023-05-14,Pulau Morotai,31
2023-05-21,Pulau Morotai,33
2023-05-28,Pulau Morotai,22
2023-06-04,Pulau Morotai,28
2023-06-11,Pulau Morotai,32
2023-06-18,Pulau Morotai,30
2023-06-25,Pulau Morotai,0
2023-07-02,Pulau Morotai,17
2023-07-09,Pulau Morotai,36
2023-07-16,Pulau Morotai,29
2023-07-23,Pulau Morotai,25
2023-07-30,Pulau Morotai,22
2023-08-06,Pulau Morotai,29
2023-08-13,Pulau Morotai,30
2023-08-20,Pulau Morotai,44
2023-08-27,Pulau Morotai,29
2023-09-03,Pulau Morotai,27
2023-09-10,Pulau Morotai,36
2023-09-17,Pulau Morotai,16
2023-09-24,Pulau Morotai,24
2023-10-01,Pulau Morotai,33
2023-10-08,Pulau Morotai,26
2023-10-15,Pulau Morotai,29
2023-10-22,Pulau Morotai,46
2023-10-29,Pulau Morotai,40
2023-11-05,Pulau Morotai,20
2023-11-12,Pulau Morotai,30
2023-11-19,Pulau Morotai,27
2023-11-26,Pulau Morotai,31
2023-12-03,Pulau Morotai,24
2023-12-10,Pulau Morotai,27
2023-12-17,Pulau Morotai,42
2023-12-24,Pulau Morotai,25
2023-12-31,Pulau Morotai,0
2024-01-07,Pulau Morotai,22
2024-01-14,Pulau Morotai,0
2024-01-21,Pulau Morotai,23
2024-01-28,Pulau Morotai,0
2024-02-04,Pulau Morotai,23
2024-02-11,Pulau Morotai,45
2024-02-18,Pulau Morotai,26
2024-02-25,Pulau Morotai,42
2024-03-03,Pulau Morotai,27
2024-03-10,Pulau Morotai,35
2024-03-17,Pulau Morotai,21
2024-03-24,Pulau Morotai,35
2024-03-31,Pulau Morotai,22
2024-04-07,Pulau Morotai,40
2024-04-14,Pulau Morotai,33
2024-04-21,Pulau Morotai,29
2024-04-28,Pulau Morotai,27
2024-05-05,Pulau Morotai,46
2024-05-12,Pulau Morotai,28
2024-05-19,Pulau Morotai,30
2024-05-26,Pulau Morotai,38
2024-06-02,Pulau Morotai,33
2024-06-09,Pulau Morotai,26
2024-06-16,Pulau Morotai,28
2024-06-23,Pulau Morotai,35
2024-06-30,Pulau Morotai,26
2024-07-07,Pulau Morotai,91
2024-07-14,Pulau Morotai,0
2024-07-21,Pulau Morotai,36
2024-07-28,Pulau Morotai,33
2024-08-04,Pulau Morotai,35
2024-08-11,Pulau Morotai,39
2024-08-18,Pulau Morotai,43
2024-08-25,Pulau Morotai,45
2024-09-01,Pulau Morotai,28
2024-09-08,Pulau Morotai,0
2024-09-15,Pulau Morotai,41
2024-09-22,Pulau Morotai,28
2024-09-29,Pulau Morotai,38
2024-10-06,Pulau Morotai,29
2024-10-13,Pulau Morotai,74
2024-10-20,Pulau Morotai,31
2024-10-27,Pulau Morotai,49
2024-11-03,Pulau Morotai,50
2024-11-10,Pulau Morotai,0
2024-11-17,Pulau Morotai,41
2024-11-24,Pulau Morotai,100
2024-12-01,Pulau Morotai,48
2024-12-08,Pulau Morotai,29
2024-12-15,Pulau Morotai,28
2024-12-22,Pulau Morotai,39
2024-12-29,Pulau Morotai,30
2025-01-05,Pulau Morotai,39
2025-01-12,Pulau Morotai,45
2025-01-19,Pulau Morotai,45
2025-01-26,Pulau Morotai,26
2025-02-02,Pulau Morotai,35
2025-02-09,Pulau Morotai,31
2025-02-16,Pulau Morotai,42
2025-02-23,Pulau Morotai,0
2025-03-02,Pulau Morotai,35
2025-03-09,Pulau Morotai,30
2025-03-16,Pulau Morotai,25
2025-03-23,Pulau Morotai,0
2025-03-30,Pulau Morotai,0
2025-04-06,Pulau Morotai,28
2025-04-13,Pulau Morotai,24
2025-04-20,Pulau Morotai,27
2025-04-27,Pulau Morotai,30
2025-05-04,Pulau Morotai,38
2025-05-11,Pulau Morotai,38
2025-05-18,Pulau Morotai,37
2025-05-25,Pulau Morotai,38
2025-06-01,Pulau Morotai,36
2025-06-08,Pulau Morotai,30
2025-06-15,Pulau Morotai,24
2025-06-22,Pulau Morotai,33
2025-06-29,Pulau Morotai,45
2025-07-06,Pulau Morotai,29
2025-07-13,Pulau Morotai,0
2025-07-20,Pulau Morotai,44
2025-07-27,Pulau Morotai,37
2025-08-03,Pulau Morotai,24
2025-08-10,Pulau Morotai,33
2025-08-17,Pulau Morotai,28
2025-08-24,Pulau Morotai,40
2025-08-31,Pulau Morotai,34
2025-09-07,Pulau Morotai,25
2025-09-14,Pulau Morotai,25
2025-09-21,Pulau Morotai,33
2025-09-28,Pulau Morotai,27
2025-10-05,Pulau Morotai,29
2025-10-12,Pulau Morotai,24
2025-10-19,Pulau Morotai,29
2025-10-26,Pulau Morotai,0
2025-11-02,Pulau Morotai,32
2025-11-09,Pulau Morotai,24
2025-11-16,Pulau Morotai,40
2025-11-23,Pulau Morotai,28
2025-11-30,Pulau Morotai,25
2025-12-07,Pulau Morotai,47
2025-12-14,Pulau Morotai,30
2025-12-21,Pulau Morotai,0
2025-12-28,Pulau Morotai,0
2026-01-04,Pulau Morotai,23
2026-01-11,Pulau Morotai,28
2026-01-18,Pulau Morotai,36
2026-01-25,Pulau Morotai,24
2026-02-01,Pulau Morotai,35
2026-02-08,Pulau Morotai,32
2026-02-15,Pulau Morotai,24
2026-02-22,Pulau Morotai,22
2026-03-01,Pulau Morotai,24
2026-03-08,Pulau Morotai,33
2026-03-15,Pulau Morotai,0
2026-03-22,Pulau Morotai,23
2026-03-29,Pulau Morotai,29
2026-04-05,Pulau Morotai,42
2026-04-12,Pulau Morotai,26
2026-04-19,Pulau Morotai,30
2026-04-26,Pulau Morotai,32
2026-05-03,Pulau Morotai,38
2026-05-10,Pulau Morotai,0
2026-05-17,Pulau Morotai,26
2026-05-24,Pulau Morotai,24
2026-05-31,Pulau Morotai,26
