Wilayah,Nama_Pelabuhan,Latitude,Longitude
Sumatera Utara,Pelabuhan Tanpa Nama,2.6679209,98.8610904
Sumatera Utara,Tiga Raja Harbor,2.6609915,98.9303531
Sumatera Utara,Lasondre,-0.0244966,98.3016193
Sumatera Utara,Pelabuhan Tanpa Nama,2.6555018,98.8594318
Sumatera Utara,Pelabuhan Ferry Ambarita,2.6807664,98.8370103
Sumatera Utara,Pelabuhan Tanpa Nama,2.6689388,98.8556721
Sumatera Utara,Pelabuhan Tanpa Nama,2.6711702,98.8622758
Sumatera Utara,Pelabuhan Tanpa Nama,2.6527809,98.8626737
Sumatera Utara,Teluk Dalam Ferry Station,0.5537108,97.8216701
Sumatera Utara,Tanjung Balai,2.9985739,99.8174894
Sumatera Utara,Pelabuhan Tanpa Nama,0.0893551,98.8470894
Sumatera Utara,Pelabuhan Tanpa Nama,2.1173385,99.8938099
Sumatera Utara,Pelabuhan Tanpa Nama,2.1167503,99.8939866
Sumatera Utara,Pelabuhan Tanpa Nama,2.133341,99.9513656
Sumatera Utara,Pelabuhan Tanpa Nama,2.1326191,99.9516296
Sumatera Utara,Pelabuhan Tanpa Nama,2.5013743,100.1648882
Sumatera Utara,Pelabuhan Tanpa Nama,2.5141372,100.1686908
Sumatera Utara,Pelabuhan Tanpa Nama,2.3085553,100.0707633
Sumatera Utara,Pelabuhan Tanpa Nama,2.3077138,100.0706453
Sumatera Utara,Pelabuhan Tanpa Nama,2.4941688,100.1156794
Sumatera Utara,Pelabuhan Tanpa Nama,2.4980995,100.1137389
Sumatera Utara,Pelabuhan Tanpa Nama,2.512464,99.9476963
Sumatera Utara,Pelabuhan Tanpa Nama,2.5117705,99.9467957
Sumatera Utara,Pelabuhan Tanpa Nama,2.1712821,100.001603
Sumatera Utara,Pelabuhan Tanpa Nama,2.1721171,100.0008671
Sumatera Utara,Pelabuhan Tanpa Nama,2.1886341,100.0299564
Sumatera Utara,Pelabuhan Tanpa Nama,2.1881357,100.030303
Sumatera Utara,Pelabuhan Tanpa Nama,3.7138293,98.3840883
Sumatera Utara,Pulau Tello,-0.0500892,98.2850949
Sumatera Utara,Sibolga,1.7276577,98.7863963
Sumatera Utara,Pelabuhan Tanpa Nama,4.0337212,98.2892878
Sumatera Utara,Pelabuhan Tanpa Nama,4.0319661,98.289843
Sumatera Utara,Pelabuhan Tanpa Nama,2.6544776,98.9333414
Sumatera Utara,Pelabuhan Belawan,3.7780783,98.6806199
Sumatera Utara,Teluk Dalam,0.5551215,97.8215267
Sumatera Utara,Pelabuhan Tanpa Nama,2.6591391,98.9327486
Sumatera Utara,Gunungsitoli,1.3038683,97.6094821
Sumatera Utara,Sibolga,1.7280632,98.7904389
Sumatera Utara,Pelabuhan Tanpa Nama,2.754375,98.7461761
Sumatera Utara,Pelabuhan Tanpa Nama,2.7979941,98.7890955
Sumatera Utara,Tanjung Balai Asahan,2.9988761,99.8150417
Sumatera Utara,Pelabuhan Tanpa Nama,3.7140831,98.3854028
Sumatera Utara,Pelabuhan Tanpa Nama,2.4344019,98.8984913
Daerah Khusus Ibukota Jakarta,Pelabuhan Tanjung Priok,-6.1037982,106.8824532
Daerah Khusus Ibukota Jakarta,Dermaga,-5.7997315,106.4995946
Daerah Khusus Ibukota Jakarta,Pelabuhan Tanpa Nama,-5.9779247,106.6928759
Daerah Khusus Ibukota Jakarta,Pelabuhan Dermaga Timur,-5.9342224,106.589372
Daerah Khusus Ibukota Jakarta,Dermaga Utara,-5.7966304,106.500131
Daerah Khusus Ibukota Jakarta,Pelabuhan Perhubungan,-5.823452,106.5547771
Daerah Khusus Ibukota Jakarta,Pelabuhan Tanpa Nama,-5.7707823,106.5590307
Daerah Khusus Ibukota Jakarta,Pelabuhan Tanpa Nama,-5.9603438,106.5220588
Daerah Khusus Ibukota Jakarta,Pelabuhan Tanpa Nama,-5.857379,106.6003583
Daerah Khusus Ibukota Jakarta,Pelabuhan Tanpa Nama,-5.8586541,106.6055408
Daerah Khusus Ibukota Jakarta,Dermaga Dishub Pulau Untung Jawa,-5.9798953,106.7070991
Daerah Khusus Ibukota Jakarta,Pelabuhan Tanpa Nama,-5.735759,106.6026503
Daerah Khusus Ibukota Jakarta,Pelabuhan Tanpa Nama,-5.7452511,106.6120846
Daerah Khusus Ibukota Jakarta,Pelabuhan Tanpa Nama,-5.7602093,106.6065766
Daerah Khusus Ibukota Jakarta,Dermaga Utama Pulau Harapan,-5.650128,106.5783122
Daerah Khusus Ibukota Jakarta,Dermaga Cinok,-5.6526709,106.5666222
Daerah Khusus Ibukota Jakarta,Pelabuhan Penyeberangan Pulau Kelapa,-5.656977,106.5733969
Daerah Khusus Ibukota Jakarta,Dermaga Utama Pulau Panggang,-5.7373662,106.6004282
Daerah Khusus Ibukota Jakarta,Dermaga Kelapa Dua,-5.6502317,106.5684704
Daerah Khusus Ibukota Jakarta,Pelabuhan Tanpa Nama,-6.104333,106.7717159
Daerah Khusus Ibukota Jakarta,Pelabuhan Tanpa Nama,-5.8587335,106.6193442
Daerah Khusus Ibukota Jakarta,Pelabuhan Tanpa Nama,-5.2062471,106.4608124
Daerah Khusus Ibukota Jakarta,Pelabuhan Tanpa Nama,-5.9287613,106.5833286
Daerah Khusus Ibukota Jakarta,Pelabuhan Tanpa Nama,-5.6197586,106.5813896
Daerah Khusus Ibukota Jakarta,Pelabuhan Tanpa Nama,-5.6180141,106.5719711
Daerah Khusus Ibukota Jakarta,Pelabuhan Tanpa Nama,-5.6604044,106.5698485
Daerah Khusus Ibukota Jakarta,Pelabuhan Tanpa Nama,-5.6517735,106.5700742
Daerah Khusus Ibukota Jakarta,Pelabuhan Tanpa Nama,-5.709834,106.5665949
Daerah Khusus Ibukota Jakarta,Pelabuhan Tanpa Nama,-5.7085095,106.5756416
Daerah Khusus Ibukota Jakarta,Pelabuhan Tanpa Nama,-5.7470406,106.6150993
Daerah Khusus Ibukota Jakarta,Pelabuhan Tanpa Nama,-5.938644,106.5951705
Daerah Khusus Ibukota Jakarta,Pelabuhan Tanpa Nama,-6.0375285,106.7465097
Daerah Khusus Ibukota Jakarta,Pelabuhan Tanpa Nama,-6.0400943,106.7353508
Daerah Khusus Ibukota Jakarta,Pelabuhan Tanpa Nama,-6.0348289,106.7348848
Daerah Khusus Ibukota Jakarta,Pelabuhan Tanpa Nama,-6.0051792,106.7806817
Daerah Khusus Ibukota Jakarta,Pelabuhan Tanpa Nama,-5.9585255,106.8422227
Daerah Khusus Ibukota Jakarta,Pelabuhan Tanpa Nama,-5.8045381,106.5218785
Daerah Khusus Ibukota Jakarta,Pelabuhan Tanpa Nama,-5.8625967,106.5994845
Daerah Khusus Ibukota Jakarta,Pelabuhan Tanpa Nama,-5.8558179,106.6056427
Daerah Khusus Ibukota Jakarta,Pelabuhan Tanpa Nama,-5.8599593,106.600666
Daerah Khusus Ibukota Jakarta,Pelabuhan Tanpa Nama,-5.7365791,106.6090187
Daerah Khusus Ibukota Jakarta,Pelabuhan Tanpa Nama,-5.6150385,106.5768961
Daerah Khusus Ibukota Jakarta,Pelabuhan Tanpa Nama,-5.6347907,106.578973
Daerah Khusus Ibukota Jakarta,Pelabuhan Tanpa Nama,-5.6199499,106.5607303
Daerah Khusus Ibukota Jakarta,Pelabuhan Tanpa Nama,-5.6193764,106.5519756
Daerah Khusus Ibukota Jakarta,Pelabuhan Tanpa Nama,-5.6237526,106.5479044
Daerah Khusus Ibukota Jakarta,Pelabuhan Tanpa Nama,-5.6284526,106.5727628
Nusa Tenggara Barat,Kayangan,-8.4883938,116.6749298
Nusa Tenggara Barat,Pelabuhan ferry Lembar,-8.730002,116.0770879
Nusa Tenggara Barat,Pelabuhan Tanpa Nama,-8.3546325,116.0438496
Nusa Tenggara Barat,Teluk Nare,-8.4060247,116.0735492
Nusa Tenggara Barat,Dermaga,-8.4265425,118.6905466
Nusa Tenggara Barat,Pelabuhan ferry Sape,-8.5725695,119.021779
Nusa Tenggara Barat,Dermaga,-8.5727914,119.0214615
Nusa Tenggara Barat,Bangsal,-8.3935809,116.1003771
Nusa Tenggara Barat,Dermaga,-8.5762453,119.0368703
Nusa Tenggara Barat,Pelabuhan Carik,-8.2223485,116.4269117
Nusa Tenggara Barat,Dermaga 1 Kayangan,-8.4849392,116.6745294
Nusa Tenggara Barat,Kayangan,-8.4844654,116.6726835
Nusa Tenggara Barat,Mining,-8.8977157,116.7449903
Nusa Tenggara Barat,Benete,-8.8946739,116.7495389
Nusa Tenggara Barat,Pelabuhan Tanpa Nama,-8.811943,116.505536
Nusa Tenggara Barat,Pelabuhan Tanpa Nama,-8.8133404,116.5114785
Nusa Tenggara Barat,Dermaga 1 Pototano,-8.5215493,116.8328237
Nusa Tenggara Barat,Pelabuhan rakyat,-8.4989723,116.6735836
Nusa Tenggara Barat,Pelabuhan Tanpa Nama,-8.807741,116.5021263
Nusa Tenggara Barat,Pelabuhan Tanpa Nama,-8.8086631,116.4984936
Nusa Tenggara Barat,Pelabuhan Tanpa Nama,-8.8096841,116.4965384
Nusa Tenggara Barat,Harbor Gili Air,-8.364178,116.0829489
Nusa Tenggara Barat,Ferry Senggigi,-8.4986443,116.0447825
Nusa Tenggara Barat,Dermaga 2 Kayangan,-8.4856186,116.6737833
Nusa Tenggara Barat,Bangsal,-8.3921167,116.0986779
Nusa Tenggara Barat,Gili Gede,-8.740805,115.9258247
Nusa Tenggara Barat,Pelabuhan Tanpa Nama,-8.7669856,115.9365563
Nusa Tenggara Barat,Dermaga 2 Pototano,-8.5199601,116.8329884
Nusa Tenggara Barat,Pelabuhan Tanpa Nama,-8.7199699,116.0098126
Nusa Tenggara Barat,Pelabuhan Tanpa Nama,-8.4440429,118.7142162
Nusa Tenggara Barat,Pelabuhan Bima,-8.4473827,118.7129148
Nusa Tenggara Barat,Pelabuhan Gili Mas,-8.7414998,116.0613143
Nusa Tenggara Barat,Pelabuhan Bima,-8.4479536,118.7126416
Nusa Tenggara Barat,Pelabuhan Tanpa Nama,-8.3523691,116.06274
Sulawesi Tenggara,Pelabuhan Ferry Waara (Wamengkoli),-5.426806,122.6003652
Sulawesi Tenggara,Pelabuhan ferry Mawasangka,-5.2807924,122.2800174
Sulawesi Tenggara,Pelabuhan Raha,-4.8386747,122.7343089
Sulawesi Tenggara,Pelabuhan Murhum Baubau,-5.4536769,122.6103292
Sulawesi Tenggara,Pelabuhan Tanpa Nama,-4.4290312,122.808156
Sulawesi Tenggara,Pelabuhan Tanpa Nama,-4.4171537,122.7862731
Sulawesi Tenggara,Pelabuhan Tanpa Nama,-4.4207733,122.8508607
Sulawesi Tenggara,Pelabuhan Tanpa Nama,-4.143019,122.8331623
Sulawesi Tenggara,Pelabuhan Tanpa Nama,-4.2610431,122.8899491
Sulawesi Tenggara,Pelabuhan Tanpa Nama,-4.3326507,122.8948821
Sulawesi Tenggara,Pelabuhan Tanpa Nama,-4.1008674,122.8021434
Sulawesi Tenggara,Pelabuhan Tanpa Nama,-4.1066413,122.805978
Sulawesi Tenggara,Pelabuhan Tanpa Nama,-4.1101653,122.8076252
Sulawesi Tenggara,Pelabuhan Tanpa Nama,-4.3557036,122.6664137
Sulawesi Tenggara,Pelabuhan Tanpa Nama,-4.3795911,122.7405302
Sulawesi Tenggara,Pelabuhan Tanpa Nama,-4.3877236,122.7490631
Sulawesi Tenggara,Pelabuhan Tanpa Nama,-4.4027167,122.7664607
Sulawesi Tenggara,Pelabuhan Tanpa Nama,-4.1401448,122.7220404
Sulawesi Tenggara,Pelabuhan Tanpa Nama,-5.4249291,122.645273
Sulawesi Tenggara,Pelabuhan Tanpa Nama,-4.4119551,122.6138395
Sulawesi Tenggara,Pelabuhan ferry Torobulu,-4.4468496,122.4568259
Sulawesi Tenggara,Pelabuhan ASDP Kolaka,-4.0572381,121.5890886
Sulawesi Tenggara,Pelabuhan Sikeli,-5.2622537,121.7947564
Sulawesi Tenggara,Pelabuhan Tanpa Nama,-4.9092436,121.9484178
Sulawesi Tenggara,Pelabuhan Tanpa Nama,-4.8225415,121.6659238
Sulawesi Tenggara,Pelabuhan ferry Kolaka,-4.0581463,121.5848271
Sulawesi Tenggara,Pelabuhan Tanpa Nama,-3.0934735,121.9626156
Sulawesi Tenggara,Pelabuhan Tanpa Nama,-3.0936402,121.962411
Sulawesi Tenggara,Pelabuhan ferry Tondasi,-4.7387382,122.3738986
Sulawesi Tenggara,Pelabuhan Ferry Tolandona,-5.3665637,122.6157943
Sulawesi Tenggara,Pelabuhan ferry Wanci,-5.3265866,123.5343769
Sulawesi Tenggara,Pelabuhan Panggulubelo Wanci,-5.3389108,123.5335401
Sulawesi Tenggara,Pelabuhan Tanpa Nama,-5.361727,123.5565321
Sulawesi Tenggara,Pelabuhan Ferry Amolengo,-4.4246244,122.8518828
Sulawesi Tenggara,Pelabuhan Ferry Labuan,-4.4707638,122.9026475
Sulawesi Tenggara,Pelabuhan Tanpa Nama,-4.657802,123.1969089
Sulawesi Tenggara,Pelabuhan ferry Langgara,-4.0197643,122.9903428
Sulawesi Tenggara,Pelabuhan Tanpa Nama,-5.477708,122.0731317
Sulawesi Tenggara,Pelabuhan ferry Tampo,-4.624108,122.7099789
Sulawesi Tenggara,Pelabuhan ferry Baubau,-5.4562161,122.6155137
Sulawesi Tenggara,Pelabuhan ferry Kendari,-3.9726595,122.5792488
Sulawesi Tenggara,Pelabuhan ferry Kasipute,-4.7710693,122.0660678
Sulawesi Tenggara,Pelabuhan ferry Pising,-5.0762147,121.8991957
Sulawesi Tenggara,Pelabuhan ferry Pure,-4.8975276,122.8259749
Sulawesi Tenggara,Pelabuhan ferry Dongkala,-5.3196217,122.050513
Sulawesi Tenggara,Pelabuhan Tanpa Nama,-5.5638674,123.7641145
Sulawesi Tenggara,Pelabuhan Tanpa Nama,-5.4890231,122.0478116
Sulawesi Tenggara,Pelabuhan ferry Tobaku,-3.4138525,120.8873895
Sulawesi Tenggara,Pelabuhan Tanpa Nama,-5.3404904,123.501295
Sulawesi Tenggara,Pelabuhan Nusantara Kendari,-3.9735482,122.5842204
Sulawesi Tenggara,Siompu,-5.62616,122.5265984
Sulawesi Tenggara,Pelabuhan ferry Raha (Baru),-4.8607793,122.7358998
Sulawesi Tenggara,Pelabuhan Wawonii,-3.9715215,122.5789083
Sulawesi Tenggara,Pelabuhan ferry Tomia,-5.7347881,123.8919561
Sulawesi Tenggara,Pelabuhan Tanpa Nama,-5.5133167,122.8447641
Sulawesi Tenggara,Pelabuhan Tanpa Nama,-3.9735831,122.5876699
Sulawesi Tenggara,Pelabuhan Ferry Kamaru,-5.1772782,123.0693119
Sulawesi Tenggara,Baubau,-5.452479,122.603579
Sulawesi Tenggara,Pelabuhan Kaledupa,-5.508014,123.7708919
Sulawesi Tenggara,Pelabuhan ferry Binongko,-5.9111526,123.9767307
Sulawesi Tenggara,Pelabuhan Bungkutoko Kendari,-3.9740591,122.6110041
Kepulauan Bangka Belitung,Pelabuhan Mendo,-2.1629504,105.8801476
Kepulauan Bangka Belitung,Sadai,-3.0051339,106.7397107
Kepulauan Bangka Belitung,Pelabuhan Belinyu,-1.62997,105.7329065
Kepulauan Bangka Belitung,Tanjung Kalian (Muntok),-2.0849396,105.1335622
Kepulauan Bangka Belitung,Passengers Terminal,-2.0854001,105.1325145
Kepulauan Bangka Belitung,Pelabuhan Tanpa Nama,-3.0178939,106.7899432
Kepulauan Bangka Belitung,Tanjung Pandan (Belitung),-2.7462036,107.6284833
Kepulauan Bangka Belitung,Pelabuhan Tanpa Nama,-2.7833784,107.6051774
Kepulauan Bangka Belitung,Pelabuhan Tanpa Nama,-2.7836645,107.602229
Kepulauan Bangka Belitung,Tanjung Rhu,-2.9367079,107.529701
Kepulauan Bangka Belitung,Pangkalpinang,-2.0977384,106.1296663
Kepulauan Bangka Belitung,Pelabuhan Tangjung Gudang Belinyu,-1.6299674,105.7328158
Kepulauan Bangka Belitung,Pelabuhan Tanjung Batu,-2.8871839,107.5484884
Kepulauan Bangka Belitung,Manggar,-2.8473709,108.2897662
Kepulauan Bangka Belitung,Sadai,-3.004605,106.7381208
Sulawesi Utara,Pelabuhan Tanpa Nama,1.4423861,125.199435
Sulawesi Utara,Pelabuhan ferry Bitung,1.4409877,125.2002036
Sulawesi Utara,Pelabuhan Tanpa Nama,1.5961419,124.7833547
Sulawesi Utara,Pelabuhan Tanpa Nama,1.6182621,124.7659038
Sulawesi Utara,Kahakitang,3.1750243,125.5185464
Sulawesi Utara,Pelabuhan Tanpa Nama,1.5952616,124.78119
Sulawesi Utara,Papindang,1.6323087,124.7173529
Sulawesi Utara,Dermaga Calaca alternatif,1.4982023,124.8423142
Sulawesi Utara,Manado,1.4961161,124.8386425
Sulawesi Utara,Pelabuhan Tanpa Nama,0.9076243,123.185936
Sulawesi Utara,Pelabuhan ferry Tagulandang,2.3694467,125.4172233
Sulawesi Utara,Talise,1.8290437,125.0765215
Sulawesi Utara,Pelabuhan ferry Likupang,1.6982585,125.0145279
Sulawesi Utara,Bunaken,1.5955812,124.779481
Sulawesi Utara,Miangas,5.5491704,126.5825335
Sulawesi Utara,Pelabuhan Tanpa Nama,1.4987466,124.8389889
Sulawesi Utara,Pelabuhan Bitung,1.4384948,125.1915552
Sulawesi Utara,Marore,4.7290039,125.4768367
Sulawesi Utara,Dermaga Calaca,1.4961636,124.8411404
Sulawesi Utara,Pelabuhan Tanpa Nama,1.4674598,124.8278551
Sulawesi Utara,Pelabuhan Tanpa Nama,1.4605359,124.77624
Sulawesi Utara,Dermaga Calaca,1.4964323,124.8410983
Sulawesi Utara,Lihunu,1.757425,125.1490297
Sulawesi Utara,Pelabuhan Rakyat Likupang,1.6734055,125.0618845
Sulawesi Utara,Sabora,1.7451789,125.1411787
Sulawesi Utara,Amurang,1.20014,124.5499203
Sulawesi Utara,Melonguane,3.9927145,126.6803319
Sulawesi Utara,Pananaru,3.4337046,125.5498741
Sulawesi Utara,Melonguane,3.9975882,126.6759446
Sulawesi Utara,Lirung,3.9400996,126.6948673
Sulawesi Utara,Miangas,5.5485582,126.5766432
Sulawesi Utara,Pelabuhan,0.4476662,124.4309417
Sulawesi Utara,Pelabuhan ferry Ulu Siau,2.7328193,125.4163102
Sulawesi Utara,Pelabuhan ferry Lembeh,1.4327386,125.2083835
Sulawesi Utara,Pelabuhan ferry Pehe Siau,2.7539549,125.3650192
Sulawesi Utara,Makalehi,2.7311219,125.1629827
Sulawesi Utara,Pelabuhan ferry Biaro,2.1269786,125.3643411
Sulawesi Utara,Pelabuhan Buhias,2.6757053,125.4522588
Sulawesi Utara,Kawaluso,4.2286575,125.3201704
Sulawesi Utara,Beo,4.2302477,126.7882313
Sulawesi Utara,Ganalo,4.4203396,126.8615435
Sulawesi Utara,Essang,4.4610305,126.7296269
Sulawesi Utara,Kakorotan,4.6337278,127.1539377
Sulawesi Utara,Karatung,4.7228272,127.0886175
Sulawesi Utara,Marampit,4.7310435,127.1306111
Sulawesi Utara,Kabaruan,3.815634,126.7443267
Sulawesi Utara,Marampit,4.7303266,127.1227049
Sulawesi Utara,Musi,3.9480158,126.6822619
Sulawesi Utara,Gangga,1.7726882,125.0516359
Sulawesi Utara,Lihaga,1.7607234,125.0363149
Sulawesi Utara,Kalama,3.2320948,125.4528008
Sulawesi Utara,Para,3.0683916,125.4990405
Sulawesi Utara,Ngalipaeng,3.3864761,125.6208567
Sulawesi Utara,Bualo,1.616485,124.6934679
Sulawesi Utara,Negri,1.6214923,124.7108672
Sulawesi Utara,Pangalingan,1.6490328,124.7092939
Sulawesi Utara,Siladen,1.6271452,124.8012191
Sulawesi Utara,Pelabuhan Rakyat Likupang,1.6749845,125.0607182
Sulawesi Utara,Gangga Satu,1.771055,125.0516576
Sulawesi Utara,Likupang (Munte),1.6944075,125.0137608
Papua Barat Daya,Pelabuhan Lenmalas,-1.6950285,130.2956327
Papua Barat Daya,Waisai,-0.4325286,130.8027935
Papua Barat Daya,Pelabuhan Pam,-0.6691054,130.2971049
Papua Barat Daya,Pelabuhan Waigama,-1.8264464,129.8459966
Papua Barat Daya,Pelabuhan Tanpa Nama,-0.647624,130.3141732
Papua Barat Daya,Pelabuhan Arefi,-0.790113,130.702857
Papua Barat Daya,Pelabuhan Gag,-0.4403216,129.9047371
Papua Barat Daya,Pelabuhan Wejim,-1.4635026,130.2649169
Papua Barat Daya,Usaha Mina (Sorong),-0.877416,131.2512788
Papua Barat Daya,Arar,-1.0232106,131.2421136
Papua Barat Daya,Waisai,-0.4104879,130.8803206
Papua Barat Daya,Pelabuhan Penyeberangan Klademak (Sorong),-0.8912401,131.2684226
Papua Barat Daya,Pelabuhan Kofiau,-1.1499133,129.8509819
Papua Barat Daya,Folley,-1.7625118,130.4007283
Papua Barat Daya,Pelabuhan Yellu,-2.0569078,130.4140333
Papua Barat Daya,Pelabuhan Fafanlap,-1.9920288,130.3395912
Papua Barat Daya,Pelabuhan Tanpa Nama,-1.7708715,130.4123941
Papua Barat Daya,Pelabuhan Sorong,-0.8781597,131.2461636
Papua Barat Daya,Pelabuhan Selpele,-0.204262,130.2227981
Papua Barat Daya,Pelabuhan Kalobo,-1.0618766,131.0768086
Papua Barat Daya,Pelabuhan Dulbatan,-1.2317887,130.7442975
Papua Barat Daya,Saonek,-0.4654865,130.7830234
