ident,type,name,latitude_deg,longitude_deg,iata_code
AXO,small_airport,Pantar Kabir Airport,-8.244832,124.219108,AXO
DEX,small_airport,Nop Goliat Dekai Airport,-4.8557,139.482006,DEX
ID-0003,small_airport,Pulau Panjang Airport,-5.644444,106.5625,PPJ
ID-0004,small_airport,Okpahik Airstrip,-4.697855,140.770547,
ID-0008,small_airport,Berau Airport,2.16350007057,117.68699646,
ID-0010,small_airport,Jatiwangi Airport,-6.678375,108.252219444,
ID-0012,small_airport,Lasondre Airport,-0.01924,98.30097,
ID-0022,small_airport,Aboge Airstrip,-6.0634,139.267,
ID-0023,small_airport,Aboyi Airstrip,-4.288741,140.640664,
ID-0024,small_airport,Amazu Airstrip,-5.6119,139.6234,
ID-0025,small_airport,Ambisibil Airstrip,-4.67128,140.574487,
ID-0026,small_airport,Angguruk Airstrip,-4.200167,139.432554,
ID-0027,small_airport,Arsbol Airstrip,-3.6941,138.9372,
ID-0028,small_airport,Bentiang Airstrip,0.9196,109.9155,
ID-0029,small_airport,Beoga Airport,-3.8165,137.4252,
ID-0030,small_airport,Bime Airstrip,-4.48558,140.219843,
ID-0031,small_airport,Diphikin Airstrip,-4.725525,140.792284,
ID-0032,small_airport,Binuang Airstrip,3.7147,115.8517,
ID-0033,small_airport,Biri Airstrip,-2.87793,137.76816,
ID-0034,small_airport,Bomela Airport,-4.693634,139.912707,
ID-0035,small_airport,Bomomani Airstrip,-3.960942,135.939631,
ID-0036,small_airport,Borme Airstrip,-4.394362,140.436348,
ID-0037,small_airport,Kurid  Airstrip,3.798115,115.706339,
ID-0038,small_airport,Bugalaga Airstrip,-3.6235,136.5963,
ID-0039,small_airport,Calang Airstrip,4.612323,95.623534,
ID-0040,small_airport,Comoro Airstrip,-5.926349,138.631461,
ID-0041,small_airport,Dagai Airport,-3.305757,137.94366,
ID-0042,small_airport,Datah Dian Airstrip,2.006992,115.151588,
ID-0043,small_airport,Daufo Airfield,-3.1737,137.2544,
ID-0044,small_airport,Derapos Airstrip,-2.9737,137.2234,
ID-0045,small_airport,Dou Airstrip,-3.262752,138.1484,
ID-0046,small_airport,Doyo Baru Airport,-2.538781,140.464293,
ID-0047,small_airport,Eaopoto Airstrip,-3.9497,136.3383,
ID-0048,small_airport,Engkadik Airstrip,0.9797,110.0282,
ID-0049,small_airport,Eri Airstrip,-2.637412,138.101757,
ID-0050,small_airport,Faowi Airstrip,-3.230632,137.726191,
ID-0052,small_airport,Foao Airstrip,-3.066549,139.099195,
ID-0053,small_airport,Fruata Airstrip,-2.9858,133.5001,
ID-0054,small_airport,Geyarek Airstrip,-4.650391,138.752389,
ID-0055,small_airport,Gilgal Airstrip,0.458,111.0707,
ID-0056,small_airport,Gusimawa Airstrip,-3.041994,133.878175,
ID-0057,small_airport,Haya Airstrip,-2.8156,138.1099,
ID-0058,small_airport,Hing Airstrip,-1.233,133.9478,
ID-0059,small_airport,Hitadipa Airport,-3.734325,137.116992,
ID-0060,small_airport,Holuwon Airstrip,-4.480541,139.273998,
ID-0061,small_airport,Hubliki Airstrip,-3.732237,139.286263,
ID-0062,small_airport,Hulu Atas Airstrip,-3.6799,140.22955,
ID-0063,small_airport,Ibele Airstrip,-4.052,138.796,
ID-0064,small_airport,Kaiy Airstrip,-2.9871,138.1062,
ID-0066,small_airport,Illaga III Airport,-3.9993,137.65317,
ID-0067,small_airport,Ilugwa/Antara Airport,-3.835894,138.921683,
ID-0068,small_airport,Iratoi Airstrip,-3.2389,137.3339,
ID-0069,small_airport,Iray Airstrip,-1.33034,133.91081,
ID-0070,small_airport,Iwur Airstrip,-5.139139,140.717638,
ID-0071,small_airport,Jila Airstrip,-4.24677,137.59563,
ID-0072,small_airport,Jita Airstrip,-4.8564,137.7019,
ID-0073,small_airport,Kanggime Airstrip,-3.665978,138.361559,
ID-0074,small_airport,Kasonaweja Airstrip,-2.3007,138.0327,
ID-0075,small_airport,Kaure  Airstrip,-3.469809,140.362085,
ID-0076,small_airport,Kedembak Airstrip,0.5906,111.302,
ID-0077,small_airport,Kelansam Airstrip,0.1228,111.4197,
ID-0078,small_airport,Keneyan Airstrip,-4.5995,138.3844,
ID-0079,small_airport,Kerapak Airstrip,0.0939,111.9083,
ID-0080,small_airport,Kiwi Airstrip,-4.697841,140.722425,
ID-0081,small_airport,Kobagma Airport,-3.666539,139.058758,
ID-0082,small_airport,Komopa Airstrip,-3.7998,136.4775,
ID-0083,small_airport,Koropun Airstrip,-4.479226,139.649894,
ID-0084,small_airport,Kuala Kurun Airport,-1.128903,113.873075,GXM
ID-0085,small_airport,Kuala Randau Airstrip,-0.582399,110.472759,
ID-0086,small_airport,Kustera Airstrip,-2.746014,137.919206,
ID-0087,small_airport,Kwerba Airstrip,-2.643549,138.40894,
ID-0088,small_airport,Kwijawagi,-4.0256,138.2046,
ID-0089,small_airport,Lake Holmes Airstrip,-2.472221,137.988365,
ID-0090,small_airport,Landikma Airstrip,-3.8212,139.2423,
ID-0091,small_airport,Langda Airstrip,-4.6785,139.9745,
ID-0092,small_airport,Lokok Airstrip,1.02159,110.050738,
ID-0093,small_airport,Long Alango Airstrip,2.9304,115.8512,
ID-0094,small_airport,Long Rungan Airport,3.598904,115.840817,
ID-0095,small_airport,Long Segar Airstrip,0.7981,116.8157,
ID-0096,small_airport,Luban Airstrip,-4.213917,140.559755,
ID-0097,small_airport,Lumbis Airstrip,4.3038,116.2175,
ID-0098,small_airport,Madya Raya Airstrip,-0.865,111.6637,
ID-0099,small_airport,Magoda Airstrip,-3.9906,135.8532,
ID-0100,small_airport,Oklip Airstrip,-4.762095,140.780554,
ID-0101,small_airport,Nalca Airstrip,-4.3636,139.8351,
ID-0102,small_airport,Nanga Labang Airstrip,0.228,111.65084,
ID-0103,small_airport,Nanga Mawong Airstrip,-0.4322,112.3271,
ID-0104,small_airport,Nanga Merakai Airstrip,0.7024,111.5225,
ID-0105,small_airport,Nanga Nyabu Airstrip,1.013399,112.713643,
ID-0106,small_airport,Nanga Ruan Airstrip,0.628052,113.175298,
ID-0107,small_airport,Nenei Airstrip,-1.491906,133.99587,
ID-0109,small_airport,Nania Airstrip,-4.362913,139.30244,
ID-0110,small_airport,Nipsan Airstrip,-4.116755,139.647303,
ID-0111,small_airport,Okyap Airstrip,-4.743448,140.848267,
ID-0112,small_airport,Omban Airstrip,-4.369376,140.392464,
ID-0113,small_airport,Onondowa/Rampi Airport,-2.125992,120.297659,
ID-0114,small_airport,Pagai Lumber Airstrip,-2.857831,100.214446,
ID-0115,small_airport,Pagai Airstrip,-3.53756,139.78195,
ID-0116,small_airport,Panggema/Hasan Airport,-4.135396,139.377151,
ID-0117,small_airport,Papasena Airstrip,-2.915,138.5876,
ID-0118,small_airport,Pass Valley Airstrip,-3.85876,139.100268,
ID-0119,small_airport,Piramid Airstrip,-3.901493,138.764276,
ID-0120,small_airport,Pit River Airstrip,-3.9819,138.5338,
ID-0121,small_airport,Pogapa Airstrip,-3.752,136.8457,
ID-0122,small_airport,Polimo Airstrip,-4.219223,139.034607,
ID-0123,small_airport,Poga Airstrip,-3.801567,138.587449,
ID-0124,small_airport,Prongkoli Airstrip,-4.188308,139.342232,
ID-0126,small_airport,Puldamat Airport,-4.3196,139.8704,
ID-0128,small_airport,Riam Sejawak Airstrip,0.971027,111.097823,
ID-0129,small_airport,Ros Bori Airstrip,-1.6586,136.102,
ID-0130,small_airport,Samboka Airstrip,-4.836839,139.714615,
ID-0131,small_airport,Sape Airstrip,-4.7655,140.5054,
ID-0133,small_airport,Sela Airstrip,-4.550661,139.734453,
ID-0134,small_airport,Seradala Airstrip,-4.979752,139.903489,
ID-0135,small_airport,Serimbu Airstrip,0.741,110.123,
ID-0136,small_airport,Serukam,0.797,109.3317,
ID-0137,small_airport,Sikari Airstrip,-2.761904,138.386229,
ID-0138,small_airport,Silimo Airstrip,-4.466012,138.943062,
ID-0139,small_airport,Syekh Hamzah Fansyuri Airport,2.269614,97.967863,FSH
ID-0141,small_airport,Siriwo Airstrip,-3.5388,135.948971,
ID-0142,small_airport,Soba Airstrip,-4.346147,139.178814,
ID-0143,small_airport,Sumo Airstrip,-4.750469,139.353338,
ID-0144,small_airport,Suntamon Airport,-4.8083,140.1715,
ID-0145,small_airport,Sungai Tontang Airstrip,-0.731052,110.376967,
ID-0146,small_airport,Suswa Airstrip [UNUSABLE],-0.942,132.298,
ID-0147,small_airport,Synopi Airstrip,-0.842054,132.926191,
ID-0148,small_airport,Taige Airstrip,-1.3105,133.8517,
ID-0149,small_airport,Taiyeve Airstrip,-3.233344,138.445848,
ID-0150,small_airport,Takar Airstrip,-2.0375,139.113,
ID-0151,small_airport,Tangma Airstrip,-4.25981,139.046631,
ID-0152,small_airport,Tanjung Maju Airstrip,-0.7102,110.4991,
ID-0153,small_airport,Tayayi Airstrip,-3.0447,137.6217,
ID-0154,small_airport,Testega Airstrip,-1.378076,133.594204,
ID-0155,small_airport,Timepa Airstrip,-4.0047,135.7872,
ID-0156,small_airport,Turmo Airstrip,-3.273581,137.558,
ID-0157,small_airport,Waff Airstrip,-2.3307,138.7489,
ID-0158,small_airport,Walerek Airstrip,-3.993361,139.491977,
ID-0159,small_airport,Walma Airstrip,-4.217782,139.393555,
ID-0160,small_airport,Wandama Airstrip,-4.5472,138.55225,
ID-0161,small_airport,Wanggemalu Airstrip,-5.4974,139.9783,
ID-0162,small_airport,Wolo Airstrip,-3.8505,138.8603,
ID-0163,small_airport,Wunin Airstrip,-3.650771,138.554313,
ID-0164,small_airport,Yaniruma Airstrip,-5.4206,139.8197,
ID-0165,small_airport,Yapil Airstrip,-4.540447,140.565691,
ID-0166,small_airport,Yigi Airstrip,-4.228468,138.393778,
ID-0167,small_airport,Yogosem Airstrip,-4.247695,139.168977,
ID-0168,small_airport,Alama Airstrip,-4.2631,137.892387,
ID-0171,small_airport,Aideralma Airstrip,-4.3341,137.8316,
ID-0172,small_airport,Enggano Airport,-5.305621,102.189546,ENG
ID-0173,small_airport,Apouwo Airstrip,-4.063248,135.560018,
ID-0174,small_airport,Aurimi Wzil Airstrip,-2.182027,138.434418,
ID-0175,small_airport,Bareri Airport,-2.981631,137.783613,
ID-0176,small_airport,Bari Airport,-3.959166,139.901563,
ID-0177,small_airport,Basiem Airport,-6.058573,138.383542,
ID-0178,small_airport,Awimbon Airstrip,-5.165884,140.381568,
ID-0179,small_airport,Anik Airstrip,0.537465,109.742062,
ID-0180,small_airport,Yaosakor Airstrip,-5.603899,138.46525,
ID-0181,small_airport,Weda Bay Airport,0.467938,127.948242,WDB
ID-0186,small_airport,Salakanagara Tanjun Lesung Airport,-6.49155,105.66967,
ID-0190,small_airport,Sorake Airport,0.58884,97.71899,
ID-0191,small_airport,Tambling Airport,-5.92113,104.55816,
ID-0193,small_airport,Kubibkop Airport,-4.79436,140.69447,
ID-0194,small_airport,Korowai Batu Danowage Airport,-5.2127,140.017582,
ID-0195,small_airport,Molding Airstrip,-4.891004,140.74213,
ID-0196,small_airport,Tarup Airstrip,-5.097671,140.821627,
ID-0197,small_airport,Tinibil Airstrip,-4.824475,140.87378,
ID-0198,small_airport,Denom Airstrip,-5.144915,140.967065,
ID-0199,small_airport,Okbab Airstrip,-4.586015,140.499844,
ID-0200,small_airport,Alemson Airstrip,-4.816571,140.222819,
ID-0201,small_airport,Kotyobakon Airstrip,-4.638376,140.654907,
ID-0202,small_airport,Mipol Airstrip,-4.605771,140.634806,
ID-0203,small_airport,Binban Airstrip,-4.585309,140.533962,
ID-0204,small_airport,Kaklup Airstrip,-4.620771,140.531688,
ID-0205,small_airport,Maksum Airstrip,-4.58066,140.515995,
ID-0206,small_airport,Maksum Airstrip,-4.632613,140.497466,
ID-0207,small_airport,Pedam Airstrip,-4.539485,140.462018,
ID-0208,small_airport,Dumpasik Airstrip,-4.455194,140.508871,
ID-0209,small_airport,Bordamban Airport,-4.439924,140.484527,
ID-0210,small_airport,Kirimu Airstrip,-4.464786,140.393016,
ID-0211,small_airport,Hangmata Airstrip,-4.49226,140.657322,
ID-0214,small_airport,Blangkejeren Airport,3.94548,97.35968,GYO
ID-0215,small_airport,Bobkamu Airstrip,-4.463818,140.262414,
ID-0216,small_airport,Weime Airstrip,-4.354141,140.260381,
ID-0217,small_airport,Tumdungbon Airstrip,-5.179406,140.520099,
ID-0218,small_airport,Kawor Airstrip,-5.232712,140.519992,
ID-0219,small_airport,Dewok Airport,-5.278326,140.681963,
ID-0220,small_airport,Manggelum Airport,-5.416371,140.436231,
ID-0222,small_airport,Begowre Airstrip,-2.982106,140.925279,
ID-0223,small_airport,Ideduna Airstrip,-3.961954,135.482025,
ID-0224,small_airport,Bias Airstrip,-3.999569,140.82041,
ID-0225,small_airport,Walibaru Airstrip,-5.39973,140.198652,
ID-0226,small_airport,Taria Airstrip,-3.410527,138.895308,
ID-0227,small_airport,Dadou Airstrip,-3.686435,136.063217,
ID-0228,small_airport,Daboto Airstrip,-3.295335,136.408213,
ID-0229,small_airport,Zotadi Airstrip,-3.67449,136.56833,
ID-0230,small_airport,Pagamba Airstrip,-3.64307,136.67854,
ID-0233,small_airport,Supugi Airstrip,-4.328303,139.098995,
ID-0237,small_airport,Grati Airport,-7.67253,113.03682,
ID-0242,small_airport,Citeurup Paraglider Airport,-6.50814,106.87836,
ID-0243,small_airport,Lido Airstrip,-6.75333,106.81171,
ID-0244,small_airport,Cikembar Airport,-6.96924,106.78866,
ID-0246,small_airport,Asua Airport,-4.686881,140.789845,
ID-0247,small_airport,Mewengde Airstrip,-4.820969,140.237545,
ID-0248,small_airport,Eragayam Airport,-3.733891,138.747881,
ID-0249,small_airport,Mamit Airstrip,-3.589005,138.396857,
ID-0250,small_airport,Yobesorum Airstrip,-4.285211,140.026433,
ID-0251,small_airport,Bolakna Airstrip,-4.23424,140.000619,
ID-0255,small_airport,Baya Biru Airport,-3.618606,136.267033,
ID-0256,small_airport,Supleyu Airstrip,-4.43285,140.16682,
ID-0257,small_airport,Tanime Airstrip,-4.45145,140.13042,
ID-0258,small_airport,Suaka Airstrip,-4.464786,140.099008,
ID-0259,small_airport,Eipomek Airstrip,-4.45584,140.02531,
ID-0260,small_airport,Famek Airstrip,-4.425722,140.021954,
ID-0261,small_airport,Soya Airstrip,-4.37183,139.91673,
ID-0262,small_airport,Aksal Airstrip,-4.34395,139.88754,
ID-0263,small_airport,Kalbok Airstrip,-4.30181,139.80474,
ID-0264,small_airport,Kono Airstrip,-4.275717,139.735893,
ID-0265,small_airport,Trison Airstrip,-4.26309,139.68456,
ID-0266,small_airport,Fenteheik Airstrip,-4.21977,139.41273,
ID-0267,small_airport,Pasikni Airstrip,-4.216844,139.424413,
ID-0268,small_airport,Asotipo Airstrip,-4.17695,138.99303,
ID-0269,small_airport,Basir Airstrip,-4.372814,140.69684,
ID-0270,small_airport,Milki Airstrip,-4.097372,140.711331,
ID-0271,small_airport,Dulis Airstrip,-4.077257,140.661553,
ID-0273,small_airport,Marimoi Airport,1.101312,127.702467,
ID-0277,medium_airport,Dhoho International Airport,-7.749527,111.946831,DHX
ID-0278,small_airport,Yabirik Airstripe,-4.455186,138.823079,
ID-0279,small_airport,Helariki Airstrip,-4.176059,139.439353,
ID-0280,small_airport,Samenage Airstrip,-4.395446,139.030167,
ID-0281,small_airport,Wakbisik Airstrip,-4.349896,139.211615,
ID-0282,small_airport,Owitlep Airstrip,-4.314543,139.329624,
ID-0284,small_airport,Pusako Anak Nagariu Airport,0.076713,99.783846,
ID-0285,small_airport,Tempuling Airport,-0.427165,102.996126,
ID-0288,small_airport,Siboru Airport,-2.928056,132.089447,
ID-0290,small_airport,Singkawang Airport,0.789936,108.960395,SKJ
ID-0292,small_airport,Bela Airstrip,-4.250278,137.850278,
ID-0295,small_airport,Sungai Nusa Airstrip,-2.09842,112.2532,
ID-0296,small_airport,Kantor Besar Lengadang Estate Airstrip,-2.2618,112.11646,
ID-0297,small_airport,Nahiyang Estate Airstrip,-2.26711,112.19835,
ID-0298,small_airport,Batu Manangis Airport,-2.15009,112.26928,
ID-0299,small_airport,Tembelina Airstrip,-1.7484,110.47658,
ID-0300,small_airport,Manis Mata Airstrip,-2.46441,110.96529,
ID-0303,small_airport,Mbugulo Airstrip,-3.70788,136.74285,
ID-0317,small_airport,Jati Papak Airstrip,-8.54091,114.3755,
ID-0324,small_airport,Yuruf Airport [UNUSABLE],-3.628919,140.953689,RUF
ID-0339,medium_airport,Old Nabire Airport,-3.368586,135.496702,
ID-0340,medium_airport,Tabing Airport,-0.874989,100.351997,
ID-0341,medium_airport,Susilo Airport,0.063851,111.473572,
ID-0342,small_airport,Helvetia Airport,3.68306,98.644203,
ID-0345,small_airport,Tebing Tinggi Airport,3.366667,99.116669,
ID-0351,small_airport,Sumbawa Barat Airport,-8.99519,116.7444,
ID-0352,small_airport,Bukit Mulia Airport,-3.79107,115.29557,
ID-0353,small_airport,Kintap Airport,-3.8244,115.1825,
ID-0359,small_airport,Tomboki Airstrip,-4.2295,139.45225,
ID-0360,small_airport,Nisikni Airstrip,-4.24745,139.47418,
ID-0361,small_airport,Menou Airstrip,-3.86487,135.51802,
ID-0362,small_airport,Apogomakida Airstrip,-4.00453,135.49515,
ID-0364,small_airport,Uetangko Airstrip,-1.283333,121.8,
ID-0369,small_airport,Wari Airport,-3.294914,138.462961,
ID-0370,small_airport,Balinggama Airstrip,-4.348044,139.319022,
ID-0371,small_airport,Kweapbel Airstrip,-4.380903,138.684517,
ID-0372,small_airport,Gingginem Airstrip,-4.41147,138.6815,
ID-0373,small_airport,Bikgunulingge Airstrip,-4.431974,138.666689,
ID-0374,small_airport,Bina Airstrip,-3.706185,137.728514,
ID-0375,small_airport,Ipdeheik Airstrip,-4.377306,139.319633,
ID-0376,small_airport,Eyub Airstrip,-4.534076,139.766729,
ID-0377,small_airport,Paima Airstrip,-4.456555,139.159859,
ID-0378,small_airport,Amuma Airstrip,-4.473639,138.986646,
ID-0379,small_airport,Lolat Airport,-4.487786,139.438915,
ID-0380,small_airport,Aniek Airstrip,-4.441464,139.309477,
ID-0381,small_airport,Molof Airstrip,-3.41504,140.551965,
ID-0382,small_airport,Wetar Island Airport,-7.692954,126.305672,
ID-0383,small_airport,Langsa Airstrip,4.529838,98.023752,
ID-0385,small_airport,Dagi Baru Airstrip,-4.530773,139.627377,
ID-0386,small_airport,Hogio Airstrip,-4.428133,139.135677,
ID-0387,small_airport,Kemligin Airstrip,-4.565714,139.662389,
ID-0388,small_airport,Duram Airport,-4.473184,139.618372,
ID-0389,small_airport,Scholuna Airstrip,-4.381769,139.41539,
ID-0390,small_airport,Bisek Airstrip,-4.350767,139.249926,
ID-0391,small_airport,Una Airstrip,-4.424223,139.299399,
ID-0392,small_airport,Liruk Airstrip,-4.373789,139.280469,
ID-0393,small_airport,Kosorek Airport,-4.127259,139.531326,
ID-0394,small_airport,Burumeso Airstrip,-2.353127,137.998064,
ID-0395,small_airport,Beoga Airstrip,-3.019129,137.2844,
ID-0397,small_airport,Kabare Airport,-0.05022,131.001631,
ID-0404,small_airport,Tsinga Airstrip,-4.20282,137.230391,
ID-0405,small_airport,Mugi Airstrip,-4.242607,138.331831,
ID-0406,small_airport,Teraplu Airport,-3.991445,140.445024,
ID-0407,small_airport,Kapiraya Airstrip,-4.411759,135.998729,
ID-0408,small_airport,Kilmit Airstrip,-4.309575,138.122154,
ID-AAS,small_airport,Apalapsili Airport,-3.882495,139.310932,AAS
ID-AGD,small_airport,Anggi Airport,-1.3858,133.8737,AGD
ID-AHI,small_airport,Mina Wanam Airport,-7.540726,139.110916,
ID-AKQ,small_airport,Astra Ksetra Airport,-4.611588,105.231968,AKQ
ID-BJG,small_airport,Boalang Airport,-0.972896,122.144997,
ID-ELR,small_airport,Elelim Airport,-3.785922,139.384497,ELR
ID-EWE,small_airport,Ewer Asmat Airport,-5.496185,138.078361,EWE
ID-GAV,small_airport,Gag Island Airport,-0.400556,129.895004,GAV
ID-IUL,small_airport,Ilu Airport,-3.7051,138.2002,IUL
ID-KOD,small_airport,Kotabangun Airport,-0.266669988632,116.583335876,KOD
ID-KRC,small_airport,Departi Parbo Airport,-2.094042,101.47025,KRC
ID-LLN,small_airport,Kelila Airport,-3.728968,138.710117,LLN
ID-MSI,small_airport,Masalembo Airport,-5.583330154418945,114.43299865722656,MSI
ID-NAF,small_airport,Banaina Airport,2.72305011749,117.125999451,NAF
ID-OBD,small_airport,Obano Airport,-3.9106,136.2306,OBD
ID-PPJ,small_airport,Unknown Airport,-0.63333,103.300003,
ID-PUM,small_airport,Pomala Airport,-4.181013,121.614665,
ID-RKI,small_airport,Mentawai Airport,-2.094167,99.699167,RKI
ID-TMY,small_airport,Tiom Airport,-3.9256,138.4555,TMY
ID-ZGP,medium_airport,Bilorai Airport,-3.739503,137.031183,UGU
JIO,small_airport,Jos Orno Imsula Airport,-8.140683,127.909669,JIO
KJX,small_airport,Kuala Batu Airport,3.735749,96.790109,KJX
KMM,small_airport,Kimaam Airport,-7.97789,138.851776,KMM
MOH,small_airport,Maleo Airport,-2.201143,121.662884,MOH
NKD,small_airport,Sinak Airport,-3.822249,137.839208,NKD
WA1B,small_airport,Aru Airport,-6.57342004776001,134.14700317382812,
WA44,small_airport,Maranggo Airport,-5.766423,123.918668,TQQ
WAAA,large_airport,Sultan Hasanuddin International Airport,-5.075539,119.553702,UPG
WAAG,small_airport,Malimpung Airport,-3.7382,119.7502,
WAAT,small_airport,Makale Airport,-3.10935997963,119.856002808,
WABB,medium_airport,Frans Kaisiepo Airport,-1.19002,136.108002,BIK
WABC,small_airport,Akimuga Airstrip,-4.6043,137.6576,
WABD,small_airport,Moanamani Airport,-4.00659,136.037704,ONI
WABF,small_airport,Kornasoren Airport,-0.935745,134.872292,FOO
WABG,small_airport,Deiyai / Waghete Baru Airport,-4.05916,136.281715,WET
WABI,medium_airport,Douw Aturure Airport,-3.397973,135.393071,NBX
WABK,small_airport,Karubaga Airport,-3.684615,138.479018,KBF
WABL,small_airport,Ilaga Airport,-3.97648,137.6225,ILA
WABN,small_airport,Kokonao Airport,-4.71075,136.43515,KOX
WABO,medium_airport,Stevanus Rumbewas Airport,-1.82842,136.062402,ZRI
WABP,medium_airport,Mozes Kilangin Airport,-4.52978,136.887388,TIM
WABT,small_airport,Enarotali Airport,-3.925739,136.378634,EWI
WABW,small_airport,Waren Airport,-1.6285300254822,134.12399291992,
WABY,small_airport,Kebo Airstrip,-3.8248,136.385844,
WADB,medium_airport,Sultan Muhammad Salahuddin Airport,-8.537184,118.685002,BMU
WADD,large_airport,Denpasar I Gusti Ngurah Rai International Airport,-8.748409,115.167123,DPS
WADE,small_airport,Lieutenant Colonel Wisnu Airfield,-8.139292,114.615367,
WADL,large_airport,Lombok International Airport,-8.759962,116.278169,LOP
WADS,small_airport,Sultan Muhammad Kaharuddin III Airport,-8.48904,117.412003,SWQ
WADT,small_airport,Tambolaka Airport,-9.409224,119.242558,TMC
WADU,small_airport,Lunyuk Airport,-8.989931,117.216018,LYK
WADW,small_airport,Umbu Mehang Kunda Airport,-9.66922,120.302002,WGP
WADY,small_airport,Banyuwangi Airport,-8.31015,114.3401,BWX
WAEA,small_airport,Mahak Baru Airport,1.405984,115.332459,
WAEE,medium_airport,Sultan Babullah Airport,0.831012,127.381611,TTE
WAEF,small_airport,Lebone Airstrip,-1.333333,121.633333,
WAES,small_airport,Emalamo Airport,-2.100424,125.965838,SQN
WAEW,medium_airport,Pitu Airport,2.04599,128.324997,OTI
WAFB,medium_airport,Toraja Airport,-3.185833,119.91775,TRT
WAFD,small_airport,Bua - Palopo Lagaligo Airport,-3.08227,120.244823,LLO
WAFF,medium_airport,Mutiara - SIS Al-Jufrie Airport,-0.916462,119.908647,PLW
WAFJ,small_airport,Tampa Padang Airport,-2.590017,119.025051,MJU
WAFL,small_airport,Sultan Bantilan Airport,1.123428,120.793658,TLI
WAFM,small_airport,Andi Jemma Airport,-2.558031,120.324342,MXB
WAFN,small_airport,Seko Airport,-2.271242,119.898205,
WAFP,medium_airport,Kasiguncu Airport,-1.414121,120.659241,PSJ
WAFQ,small_airport,Maulana Prins Mandapar Airstrip,-1.548841,123.554133,BQR
WAFS,small_airport,Sumarorong Airport,-3.150399,119.302277,
WAFU,small_airport,Tanjung Api Airport,-0.865437,121.628625,OJU
WAFW,medium_airport,Syukuran Aminuddin Amir Airport,-1.035893,122.773934,LUW
WAFZ,small_airport,Panua Pohuwato Airport,0.461782,121.814668,
WAGB,small_airport,Haji Muhammad Sidik Airport,-1.02581,114.92881,HMS
WAGF,small_airport,Seruyan Kuala Pembuang Airport,-3.376062,112.536521,KLP
WAGG,medium_airport,Tjilik Riwut Airport,-2.227146,113.943388,PKY
WAGL,small_airport,Long Apari Airport,3.083333,116.433333,
WAGP,small_airport,Purukcahu Airport,-0.688419,114.444829,
WAHI,large_airport,Yogyakarta International Airport,-7.905338,110.057264,YIA
WAHL,medium_airport,Tunggul Wulung Airport,-7.64506,109.033997,CXP
WAHP,small_airport,Jenderal Besar Soedirman Airport,-7.461239,109.414124,PWL
WAHU,small_airport,Dewadaru Airport,-5.80091,110.47838,KWB
WAJB,small_airport,Bokondini Airport,-3.68455,138.677437,BUI
WAJC,small_airport,Dabra Airport,-3.27061,138.613433,DRH
WAJD,small_airport,Wakde Airport,-1.93529,139.020004,
WAJG,small_airport,Batom Airport,-4.442687,140.883565,BXM
WAJI,small_airport,Mararena Sarmi Airport,-1.873077,138.753275,ZRM
WAJJ,large_airport,Dortheys Hiyo Eluay International Airport,-2.579627,140.519857,DJJ
WAJK,small_airport,Kiwirok Airstrip,-4.713481,140.740271,
WAJL,small_airport,Lereh Airport,-3.080046,139.952817,LHI
WAJM,small_airport,Mulia Airport,-3.701938,137.957,LII
WAJO,medium_airport,Oksibil Airport,-4.9071,140.6277,OKL
WAJS,small_airport,Senggeh Airport,-3.442448,140.778079,SEH
WAJY,small_airport,Werur Airport,-0.420096,132.1886,
WAKD,small_airport,Mindiptana Airport,-5.876929,140.70946,MDP
WAKE,small_airport,Bade Airport,-7.175902,139.58333,BXD
WAKG,small_airport,Agats Airport,-5.543288,138.134911,
WAKK,medium_airport,Mopah International Airport,-8.523898,140.419693,MKQ
WAKL,small_airport,Bomakia Airport,-5.806483,139.867647,
WAKM,small_airport,Kamur Airport,-6.1851,138.6372,KCD
WAKO,small_airport,Okaba Airport,-8.0946,139.7233,OKQ
WAKP,small_airport,Kepi Airport,-6.54297,139.332401,KEI
WAKQ,small_airport,Senggo Airport,-5.690668,139.350414,ZEG
WAKT,medium_airport,Tanah Merah Airport,-6.09669,140.303521,TMH
WALE,small_airport,Melalan Airport,-0.203611,115.760002,GHS
WALG,small_airport,Tanjung Harapan Airport,2.835833,117.373611,TJS
WALJ,small_airport,Datadawai Airport,0.807028,114.529052,DTD
WALK,medium_airport,Nusantara International Airport,-1.16053,116.71193,
WALL,large_airport,Sultan Aji Muhammad Sulaiman Sepinggan International Airport,-1.268342,116.89452,BPN
WALQ,small_airport,Muara Badak Pujangan Airport,-0.305999,117.415667,
WALR,medium_airport,Juwata International Airport / Suharnoko Harbani AFB,3.325145,117.564169,TRK
WALS,medium_airport,Aji Pangeran Tumenggung Pranoto International Airport,-0.374478,117.250128,AAP
WALT,small_airport,Tanjung Santan Airport,-0.092633,117.439109,
WALV,small_airport,Bunyu Airport,3.45572,117.866997,
WALX,small_airport,Mangkajang Airport,2.007244,117.748983,
WAMA,small_airport,Gamarmalamo Airport,1.838134,127.786191,GLX
WAMD,small_airport,Jailolo/Kuripasai Airport,1.1169999837875366,127.48300170898438,
WAME,small_airport,Buli Airport,0.917144,128.382116,PGQ
WAMG,small_airport,Jalaluddin Airport,0.637119,122.849998,GTO
WAMH,medium_airport,Naha Airport,3.68478,125.527162,NAH
WAMI,small_airport,Bolaang Mongondow Airport,0.88855,124.033634,LKM
WAMJ,small_airport,Gebe Airport,-0.078889,129.457993,GEB
WAMK,small_airport,Kuabang Airport,1.188608,127.896036,KAZ
WAMM,large_airport,Sam Ratulangi International Airport,1.548591,124.92625,MDC
WAMN,small_airport,Melangguane Airport,4.010334,126.673192,MNA
WAMO,small_airport,Siau/Sitaro Airport,2.648591,125.423301,BRG
WAMP,small_airport,Indonesia Morowali Industrial Park (IMIP) Airport,-2.799322,122.141385,MWS
WAMS,small_airport,Miangas Airport,5.560419,126.580095,IAX
WAMU,small_airport,Wuasa Airport,-1.425,120.316391,
WAMY,small_airport,Buol - Pogogul Airport,1.102318,121.413358,UOL
WAOC,small_airport,Bersujud Airport,-3.41241,115.995003,BTW
WAOG,small_airport,Sebuku Airport,-3.626954,116.370352,
WAOH,small_airport,Kota Baru Airport,-3.989646,116.101499,
WAOI,small_airport,Iskandar Airport,-2.7052,111.672997,PKN
WAOK,small_airport,Gusti Syamsir Alam Airport,-3.294796,116.163815,KBU
WAON,medium_airport,Warukin Airport,-2.21656,115.435997,TJG
WAOO,large_airport,Syamsudin Noor International Airport,-3.440112,114.761209,BDJ
WAOS,small_airport,Sampit (H.Asan) Airport,-2.499198,112.974987,SMQ
WAOT,small_airport,Teluk Kepayang Airport,-3.4203,115.6867,
WAOU,small_airport,Sanggu Airport,-1.669533,114.899265,
WAOW,small_airport,Tumbang Samba Airport,-1.469024,113.080984,TBM
WAPA,small_airport,Amahai Airport,-3.347851,128.927093,AHI
WAPB,small_airport,Bula Airport,-3.10996,130.509995,
WAPC,small_airport,Bandanaira Airport,-4.5214,129.9054,NDA
WAPD,small_airport,Rar Gwamar Airport,-5.773724,134.209245,DOB
WAPE,small_airport,"Mangole Airport, Falabisahaya",-1.782255,125.482246,MAL
WAPF,medium_airport,Karel Sadsuitubun Airport,-5.760278,132.759444,LUV
WAPG,small_airport,Namrole Airport,-3.85522,126.700902,NRE
WAPH,small_airport,Oesman Sadik Airport,-0.633764,127.505394,LAH
WAPI,small_airport,Saumlaki/Olilit Airport,-7.98861,131.306,
WAPK,small_airport,Benjina Airport,-6.06613,134.273971,BJK
WAPL,small_airport,Dumatubin Airport,-5.66162,132.731003,
WAPN,medium_airport,Namniwel Airport,-3.143159,126.976469,NAM
WAPO,small_airport,Larat Airport,-7.1282,131.7673,
WAPP,large_airport,Pattimura International Airport,-3.71026,128.089005,AMQ
WAPR,small_airport,Namlea Airport,-3.236887,127.100215,
WAPT,small_airport,Taliabu Island Airport,-1.6426299810409546,124.55899810791016,TAX
WAPU,small_airport,Kufar Airport,-3.462637,130.790593,
WAPV,small_airport,Wahai Airport,-2.8114,129.484,WBA
WAQC,small_airport,Maratua Airport,2.19759,118.599361,RTU
WAQG,small_airport,Binuang Airport,3.773936,115.855914,
WAQM,small_airport,Robert Atty Bessing,3.575256,116.619769,LNU
WAQP,small_airport,Long Pala Airstrip,4.043858,116.128937,
WAQT,medium_airport,Kalimarau Airport,2.14776,117.430705,BEJ
WAQU,small_airport,Long Layu Airport,3.611585,115.69921,
WAQV,small_airport,Long Pujungan Airstrip,2.590605,115.79857,
WAQW,small_airport,Long Sule Airstrip,1.384398,115.707323,
WAQX,small_airport,Pulau Sapi Airstrip,3.522768,116.517259,
WARA,medium_airport,Abdul Rachman Saleh Airport,-7.929099,112.714233,MLG
WARC,small_airport,Ngloram Airport,-7.195522,111.545287,CPF
WARE,small_airport,Notohadinegoro Airport,-8.242494,113.693476,JBB
WARI,small_airport,Iswahjudi Air Base,-7.61577,111.433998,
WARJ,medium_airport,Adisutjipto International Airport,-7.78818,110.431999,JOG
WARP,small_airport,Pagerungan Airport,-6.956515,115.931107,
WARQ,large_airport,Adisoemarmo International Airport,-7.516044,110.757492,SOC
WARR,large_airport,Juanda International Airport,-7.37983,112.787003,SUB
WARS,large_airport,Jenderal Ahmad Yani Airport,-6.970732,110.373244,SRG
WART,small_airport,Trunojoyo Airport,-7.022391,113.887699,SUP
WARW,small_airport,Harun Thohir Airport,-5.723628,112.678889,BXW
WASA,small_airport,Ayawasi Airport,-1.159779,132.464082,AYW
WASB,small_airport,Stenkol Airport,-2.102572,133.515981,NTI
WASC,small_airport,Abresso Airport,-1.496667,134.1925,RSK
WASE,small_airport,Kebar Airport,-0.810418,133.054937,KEQ
WASF,medium_airport,Fakfak Airport,-2.920508,132.267011,FKQ
WASI,small_airport,Inanwatan Airport,-2.127447,132.160056,INX
WASK,medium_airport,Utarom Airport,-3.6446,133.695116,KNG
WASM,small_airport,Merdey Airport,-1.591154,133.295867,RDE
WASN,small_airport,Marinda Airport,-0.424969,130.773535,RJM
WASO,medium_airport,Babo Airport,-2.53224,133.438995,BXB
WASR,medium_airport,Rendani Airport,-0.891833,134.048996,MKW
WASS,medium_airport,Domine Eduard Osok Airport,-0.894,131.287,SOQ
WAST,small_airport,Teminabuan Airport,-1.44545,132.021139,TXM
WASU,small_airport,Kambuaya Airport,-1.316815,132.286987,KBX
WASW,small_airport,Wasior Airport,-2.720434,134.505902,WSR
WATA,small_airport,AA Bere Tallo (Haliwen) Airport,-9.074841,124.903285,ABU
WATB,small_airport,Bajawa Soa (Turelelo) Airport,-8.70777,121.058243,BJW
WATC,small_airport,Frans Xavier Seda Airport,-8.639514,122.238135,MOF
WATE,small_airport,H. Hasan Aroeboesman (Ende) Airport,-8.849114,121.66101,ENE
WATG,small_airport,Frans Sales Lega Airport,-8.596171,120.478177,RTG
WATL,small_airport,Larantuka Gewayentana Airport,-8.274424,123.002,LKA
WATM,small_airport,Alor Island - Mali Airport,-8.13234,124.597,ARD
WATO,small_airport,Komodo Airport,-8.480694,119.888306,LBJ
WATQ,small_airport,John Becker Airport,-8.015716,127.200179,
WATR,small_airport,David Constantijn Saudale Airport,-10.765834,123.076046,RTI
WATS,small_airport,Sabu-Tardanu Airport,-10.4924,121.8482,SAU
WATT,medium_airport,El Tari Airport,-10.1716,123.670998,KOE
WATW,small_airport,Wonopito Airport,-8.361805,123.438554,LWE
WAVV,medium_airport,Wamena Airport,-4.097324,138.952417,WMX
WAWB,small_airport,Betoambari Airport,-5.486037,122.569823,BUW
WAWD,medium_airport,Matahora Airport,-5.292123,123.636233,WNI
WAWH,small_airport,Selayar - Haji Aroeppala Airport,-6.17921,120.437479,KSR
WAWN,small_airport,Arung Palakka Airport,-4.459582,120.310436,APD
WAWP,medium_airport,Sangia Nibandera Airport,-4.338158,121.524047,KXB
WAWR,small_airport,Sugimanuru Airport,-4.763298,122.566352,RAQ
WAWS,small_airport,Soroako Airport,-2.530582,121.356096,SQR
WAWT,small_airport,Pongtiku Airport,-3.04474,119.821999,TTR
WAWW,small_airport,Haluoleo Airport,-4.08161,122.417999,KDI
WAYH,small_airport,Mapenduma Airstrip,-4.30893,138.246504,
WAYI,small_airport,Bilai Airstrip,-3.741405,136.859239,
WAYP,small_airport,Potowai Buru Airstrip,-4.283533,134.974353,
WAYQ,small_airport,Paro Airstrip,-4.388644,138.233939,
WAYU,small_airport,Wangbe Airstrip,-3.868616,137.468316,
WAYW,small_airport,Waren Airstrip,-2.264493,136.384144,
WI1B,small_airport,Suparlan Batujajar Airport,-6.903611,107.475556,
WI1C,small_airport,Rumpin Airport,-6.371861,106.621861,
WI1G,small_airport,Gading Wonosari Airport,-7.916865,110.565354,
WIAC,small_airport,Balai Sepuak Airstrip,0.450209,111.217012,
WIAG,small_airport,Menggala Airport,-4.48943996429,105.217002869,
WIAJ,small_airport,Atang Senjaya Airport,-6.538819,106.755466,
WIAK,small_airport,Sulaiman Airport,-6.98278,107.572998,
WIBB,medium_airport,Sultan Syarif Kasim II International Airport / Roesmin Nurjadin AFB,0.458647,101.444321,PKU
WIBD,medium_airport,Pinang Kampai Airport,1.609026,101.433493,DUM
WIBI,small_airport,Pulai Airport,0.218532,103.163037,
WIBJ,medium_airport,Japura Airport,-0.352808,102.334999,RGT
WIBL,small_airport,Sultan Syarif Haroen Setia Negara Airport,0.499262,101.923391,
WIBS,small_airport,Sungai Pakning Bengkalis Airport,1.37,102.139999,SEQ
WIBT,small_airport,Raja Haji Abdullah Airport,1.05287,103.391517,TJB
WICA,medium_airport,Kertajati International Airport,-6.647384,108.165561,KJT
WICB,small_airport,Budiarto Airport,-6.293171,106.57,RTO
WICC,medium_airport,Husein Sastranegara International Airport,-6.90063,107.575996,BDO
WICD,small_airport,Cakrabhuwana  Airport,-6.757,108.538849,CBN
WICM,small_airport,Cibeureum Airport,-7.3466,108.246002,TSY
WICN,small_airport,Nusawiru Airport,-7.719895,108.488995,CJN
WIDB,small_airport,Tambelan Airport,0.979922,107.564658,TBX
WIDD,large_airport,Hang Nadim International Airport,1.12103,104.119003,BTH
WIDE,small_airport,Tuanku Tambusai Airport,0.845431,100.370154,PPR
WIDL,small_airport,Letung Airport,2.96447,105.75484,LMU
WIDM,small_airport,Matak Airport,3.34812,106.258003,MWK
WIDN,medium_airport,Raja Haji Fisabilillah International Airport,0.92397,104.53341,TNJ
WIDS,small_airport,Dabo Airport,-0.479611,104.579498,SIQ
WIFL,small_airport,Riam Batu Airstrip.,-1.497363,110.674943,
WIGM,small_airport,Muko Muko Airport,-2.541058,101.087651,MPC
WIHC,small_airport,Wiladatika Airport,-6.35643,106.900796,
WIHH,large_airport,Halim Perdanakusuma International Airport,-6.266989,106.890318,HLP
WIHP,small_airport,Pondok Cabe Air Base,-6.336959838867188,106.76499938964844,PCB
WIII,large_airport,Soekarno-Hatta International Airport,-6.12557,106.655998,CGK
WIIK,small_airport,Kalijati Airport,-6.53139019012,107.658996582,
WILG,small_airport,Gunung Batin Airport,-4.706449,105.26393,
WILL,medium_airport,Radin Inten II International Airport,-5.246803,105.182531,TKG
WILP,small_airport,Muhammad Taufiq Kiemas Airport,-5.211562,103.936501,TFY
WILW,small_airport,Way Jepara Airport,-5.051246,105.655461,
WIMA,small_airport,Malikus Saleh Airport,5.22668,96.950302,LSW
WIMB,medium_airport,Binaka Airport,1.166275,97.705196,GNS
WIME,medium_airport,Aek Godang Airport,1.4001,99.430496,AEG
WIMF,small_airport,Jenderal Besar Abdul Haris Nasution Airport,0.943995,99.534093,JHN
WIMK,medium_airport,Soewondo Air Force Base,3.558425,98.672275,MES
WIMM,large_airport,Kualanamu International Airport,3.637847,98.870566,KNO
WIMN,small_airport,Silangit Airport,2.25973,98.991898,DTB
WIMP,small_airport,Sibisa Airport,2.601967,98.962381,SIW
WIMS,medium_airport,Dr. Ferdinand Lumban Tobing Airport,1.557127,98.887145,FLZ
WIMU,medium_airport,Alas Leuser Airport,3.391456,97.863726,LSR
WIOB,small_airport,Bengkayang Airport,0.8333330154418945,109.48332977294922,
WIOD,small_airport,H A S Hanandjoeddin International Airport,-2.744109,107.754535,TJQ
WIOG,medium_airport,Nanga Pinoh Airport,-0.34864,111.746155,NPO
WIOH,small_airport,Liku Airport,1.737455,109.324002,
WIOI,small_airport,Singkawang Airport,1.0756800174713137,109.68800354003906,
WIOK,medium_airport,Rahadi Osman Airport,-1.817165,109.963469,KTG
WION,medium_airport,Ranai Airport,3.90871,108.388,NTX
WIOO,large_airport,Supadio International Airport,-0.152258,109.404493,PNK
WIOP,medium_airport,Pangsuma Airport,0.834579,112.940217,PSU
WIOS,medium_airport,Tebelian Airport,-0.045214,111.458049,SQG
WIOV,small_airport,Babang Airstrip,1.340038,109.911081,
WIPA,small_airport,Sultan Thaha Airport,-1.638685,103.645063,DJB
WIPB,small_airport,Silampari Airport,-3.288165,102.91449,LLJ
WIPD,small_airport,Banding Agung Airport,-4.78702,103.932999,
WIPF,small_airport,Kuala Tungkal Airport,-0.8166670203208923,103.46666717529295,
WIPI,small_airport,Muara Bungo Airport,-1.541635,102.181613,BUU
WIPK,medium_airport,Depati Amir Airport,-2.1622,106.139,PGK
WIPL,medium_airport,Fatmawati Soekarno Airport,-3.8637,102.338997,BKS
WIPO,small_airport,Gatot Subrato Airport,-4.39177,104.401001,
WIPP,medium_airport,Sultan Mahmud Badaruddin II Airport,-2.897653,104.698147,PLM
WIPQ,medium_airport,Pendopo Airport,-3.2860701084136963,103.87999725341795,PDO
WIPT,large_airport,Minangkabau International Airport,-0.785964,100.280384,PDG
WIPY,small_airport,Atung Bungsu Airport,-4.0225,103.379167,PXA
WIQD,small_airport,Teratai Airstrip,0.4,110.75,
WIQE,small_airport,Ulak Muid Aistrip,-0.676667,111.526111,
WISA,small_airport,Smart Semelagi Airport,0.998107,109.051913,
WITA,small_airport,Teuku Cut Ali Airport,3.16904,97.288299,TPK
WITC,medium_airport,Cut Nyak Dhien Airport,4.040998,96.253312,MEQ
WITG,small_airport,Lasikin Airport,2.411328,96.327722,LKI
WITK,medium_airport,Rembele Airport,4.72113,96.851943,TXE
WITL,medium_airport,Lhok Sukon Airport,5.06951,97.259201,LSX
WITN,small_airport,Maimun Saleh Airport,5.874668,95.33967,SBG
WITS,small_airport,Seumayam Airport,3.75,96.63333129882812,
WITT,large_airport,Sultan Iskandar Muda International Airport,5.525087,95.41997,BTJ
WPAS,small_airport,Mathilda Batlayeri Airport,-7.848354,131.337068,SXK
WRBU,small_airport,Buntok Airport,-1.73250997066,114.838996887,
WREP,small_airport,Yugwa Airstrip,-3.878464,138.663223,
WRFC,small_airport,Endomen Airstrip,-4.224099,139.881753,
WRFE,small_airport,Proyam Airstrip,-3.716667,138.733333,
WRGS,small_airport,Kwelamdua Airstrip,-4.690176,139.755245,
WRHC,small_airport,Makki Airstrip,-3.969521,138.629268,
WRHD,small_airport,Mbuwa Airstrip,-4.23834,138.465659,
WRIQ,small_airport,Somanente Airstrip,-2.201166,138.86909,
WRJG,small_airport,Ures Airstrip,-2.955556,139.621111,
WRKJ,small_airport,Mena Airport,-9.183889389038086,124.58916473388672,
WRKN,small_airport,Naikliu Airport,-9.49547004699707,123.79499816894533,
WRLA,small_airport,Sangkimah Airport,0.384421,117.542832,SGQ
WRLB,small_airport,Yuvai Semaring Airport,3.900495,115.690089,LBW
WRLC,small_airport,LNG Badak Airport,0.121656,117.476558,BXT
WRLF,small_airport,Nunukan Airport,4.134001,117.669546,NNX
WRLH,small_airport,Tanah Grogot Airport,-1.885541,116.256809,TNB
WRLJ,small_airport,Tanjung Bara Airport,0.5605,117.64435,
WRLM,small_airport,Kegata Airstrip,-4.045488,135.558913,
WRLN,small_airport,Long Mawang Airport,1.7992,114.9043,
WRLP,small_airport,Long Apung Airport,1.706932,114.969934,LPU
WRLR,small_airport,Modio Airstrip,-4.066384,135.790291,
WRLS,small_airport,Obogwy Airstrip,-2.835037,137.972235,
WRLU,small_airport,Sangkulirang Airport,1.00089,117.996002,
WRLV,small_airport,Wapoga Airstrip,-3.040179,136.377255,
WRLW,small_airport,Muara Wahau Airport,1.193225,116.955886,
WRLX,small_airport,Tigi Airstrip,-4.025408,136.21185,
WRMH,small_airport,Miaro Airstrip,-6.197837,139.008001,
WRNB,small_airport,Weri Airstrip,-3.289248,137.831717,
WRRP,small_airport,Mayado Airstrip,-1.909542,133.157418,
